date,temperature_2m,relative_humidity_2m,dew_point_2m,apparent_temperature,precipitation_probability,precipitation,surface_pressure,station_name
2024-04-20 16:00:00+00:00,11.6785,38.0,-2.1797197,6.6557217,95.0,0.0,978.4092,24
2024-04-20 16:00:00+00:00,11.712999,40.0,-1.4520054,7.0362415,95.0,0.0,980.0471,10
2024-04-20 16:00:00+00:00,11.6805,40.0,-1.4812328,6.999645,95.0,0.0,979.4595,9
2024-04-20 16:00:00+00:00,11.8545,40.0,-1.3247561,7.1438103,95.0,0.0,980.0829,13
2024-04-20 16:00:00+00:00,11.926,40.0,-1.2604598,7.2244263,95.0,0.0,981.37573,20
2024-04-20 16:00:00+00:00,11.7,40.0,-1.4636971,7.0216026,95.0,0.0,979.81213,4
2024-04-20 16:00:00+00:00,11.4,42.0,-1.0684537,6.7490635,95.0,0.0,979.0573,1
2024-04-20 16:00:00+00:00,11.7,40.0,-1.4636971,7.0216026,95.0,0.0,979.81213,16
2024-04-20 16:00:00+00:00,11.661,40.0,-1.49877,6.9776907,95.0,0.0,979.10724,3
2024-04-20 16:00:00+00:00,11.6545,40.0,-1.5046157,6.970373,95.0,0.0,978.9899,21
2024-04-20 16:00:00+00:00,11.7,40.0,-1.4636971,7.0216026,95.0,0.0,979.81213,6
2024-04-20 16:00:00+00:00,11.7045,38.0,-2.156473,6.6848345,95.0,0.0,978.8789,22
2024-04-20 16:00:00+00:00,11.6545,40.0,-1.5046157,6.970373,95.0,0.0,978.9899,14
2024-04-20 16:00:00+00:00,11.809,40.0,-1.3656732,7.0925293,95.0,0.0,979.2605,19
2024-04-20 16:00:00+00:00,11.711,38.0,-2.1506603,6.692114,95.0,0.0,978.99646,25
2024-04-20 16:00:00+00:00,11.3805,42.0,-1.0860884,6.727028,99.0,0.0,978.7049,17
2024-04-20 16:00:00+00:00,11.764999,40.0,-1.4052422,7.0948143,95.0,0.0,980.98785,28
2024-04-20 16:00:00+00:00,11.789499,40.0,-1.3832092,7.0705547,95.0,0.0,978.9086,8
2024-04-20 16:00:00+00:00,11.815499,40.0,-1.3598288,7.0998535,95.0,0.0,979.37805,7
2024-04-20 16:00:00+00:00,11.6675,40.0,-1.4929248,6.9850082,95.0,0.0,979.2249,2
2024-04-20 16:00:00+00:00,11.648,40.0,-1.510462,6.9630556,95.0,0.0,978.8723,5
2024-04-20 16:00:00+00:00,11.848,40.0,-1.3306013,7.1364822,95.0,0.0,979.9652,12
2024-04-20 16:00:00+00:00,11.778,40.0,-1.3935506,7.109461,95.0,0.0,981.2232,29
2024-04-20 16:00:00+00:00,11.711,38.0,-2.1506603,6.692114,95.0,0.0,978.99646,15
2024-04-20 16:00:00+00:00,11.025,43.0,-1.0864729,6.3621826,95.0,0.0,978.6635,26
2024-04-20 16:00:00+00:00,11.724,38.0,-2.1390374,6.7066717,95.0,0.0,979.231,23
2024-04-20 16:00:00+00:00,11.978,40.0,-1.2136997,7.283079,95.0,0.0,982.3168,27
2024-04-20 16:00:00+00:00,11.4065,42.0,-1.0625745,6.7564106,99.0,0.0,979.1749,18
2024-04-20 16:00:00+00:00,11.815499,40.0,-1.3598288,7.0998535,95.0,0.0,979.37805,11
2024-04-20 22:00:00+00:00,6.2785,59.0,-1.1499363,2.7310925,7.0,0.0,982.4063,24
2024-04-20 22:00:00+00:00,5.863,66.0,-0.004856208,3.1036148,7.0,0.0,984.1271,10
2024-04-20 22:00:00+00:00,5.8305,66.0,-0.035841454,3.066341,7.0,0.0,983.5248,9
2024-04-20 22:00:00+00:00,6.1045003,66.0,0.22538652,3.240096,7.0,0.0,984.2748,13
2024-04-20 22:00:00+00:00,6.176,66.0,0.29355174,3.3222885,7.0,0.0,985.6001,20
2024-04-20 22:00:00+00:00,5.85,66.0,-0.017250432,3.0887036,7.0,0.0,983.88635,4
2024-04-20 22:00:00+00:00,5.15,64.0,-1.1058861,1.9810381,7.0,0.0,983.0616,1
2024-04-20 22:00:00+00:00,5.85,66.0,-0.017250432,3.0887036,7.0,0.0,983.88635,16
2024-04-20 22:00:00+00:00,5.811,66.0,-0.05443374,3.0439806,7.0,0.0,983.1636,3
2024-04-20 22:00:00+00:00,5.8045,66.0,-0.060630534,3.036528,7.0,0.0,983.0433,21
2024-04-20 22:00:00+00:00,5.85,66.0,-0.017250432,3.0887036,7.0,0.0,983.88635,6
2024-04-20 22:00:00+00:00,6.3045,59.0,-1.1254627,2.760601,7.0,0.0,982.8869,22
2024-04-20 22:00:00+00:00,5.8045,66.0,-0.060630534,3.036528,7.0,0.0,983.0433,14
2024-04-20 22:00:00+00:00,6.059,66.0,0.18200827,3.1878157,7.0,0.0,983.4324,19
2024-04-20 22:00:00+00:00,6.311,59.0,-1.1193446,2.7679787,7.0,0.0,983.00714,25
2024-04-20 22:00:00+00:00,5.1305003,64.0,-1.1244152,1.958878,11.0,0.0,982.6995,17
2024-04-20 22:00:00+00:00,5.915,66.0,0.044721413,3.1632733,7.0,0.0,985.09174,28
2024-04-20 22:00:00+00:00,6.0395,66.0,0.16341761,3.1654158,7.0,0.0,983.0713,8
2024-04-20 22:00:00+00:00,6.0655003,66.0,0.1882055,3.195283,7.0,0.0,983.5527,7
2024-04-20 22:00:00+00:00,5.8175,66.0,-0.0482358,3.051434,7.0,0.0,983.2842,2
2024-04-20 22:00:00+00:00,5.798,66.0,-0.06682783,3.0290756,7.0,0.0,982.9228,5
2024-04-20 22:00:00+00:00,6.098,66.0,0.21918945,3.232626,7.0,0.0,984.1544,12
2024-04-20 22:00:00+00:00,5.928,66.0,0.05711538,3.1781917,7.0,0.0,985.33295,29
2024-04-20 22:00:00+00:00,6.311,59.0,-1.1193446,2.7679787,7.0,0.0,983.00714,15
2024-04-20 22:00:00+00:00,5.975,56.0,-2.1446826,1.9145308,7.0,0.0,982.7052,26
2024-04-20 22:00:00+00:00,6.324,59.0,-1.1071078,2.7827349,7.0,0.0,983.2473,23
2024-04-20 22:00:00+00:00,6.228,66.0,0.3431255,3.3820944,7.0,0.0,986.5649,27
2024-04-20 22:00:00+00:00,5.1565,64.0,-1.0997099,1.9884253,11.0,0.0,983.1821,18
2024-04-20 22:00:00+00:00,6.0655003,66.0,0.1882055,3.195283,7.0,0.0,983.5527,11
2024-04-20 23:00:00+00:00,5.7285004,61.0,-1.2134242,2.0116572,3.0,0.0,982.7261,24
2024-04-20 23:00:00+00:00,5.663,67.0,0.011667692,2.6858597,3.0,0.0,984.3945,10
2024-04-20 23:00:00+00:00,5.6305003,67.0,-0.019371893,2.6485724,3.0,0.0,983.7913,9
2024-04-20 23:00:00+00:00,5.5545,69.0,0.31401393,2.581962,3.0,0.0,984.5019,13
2024-04-20 23:00:00+00:00,5.626,69.0,0.38253063,2.6642723,3.0,0.0,985.8299,20
2024-04-20 23:00:00+00:00,5.65,67.0,-0.00074835436,2.6709437,3.0,0.0,984.15314,4
2024-04-20 23:00:00+00:00,5.4,64.0,-0.8683362,2.2286139,3.0,0.0,983.38135,1
2024-04-20 23:00:00+00:00,5.65,67.0,-0.00074835436,2.6709437,3.0,0.0,984.15314,16
2024-04-20 23:00:00+00:00,5.611,67.0,-0.03799669,2.626204,3.0,0.0,983.42975,3
2024-04-20 23:00:00+00:00,5.6045003,67.0,-0.044204593,2.6187487,3.0,0.0,983.3095,21
2024-04-20 23:00:00+00:00,5.65,67.0,-0.00074835436,2.6709437,3.0,0.0,984.15314,6
2024-04-20 23:00:00+00:00,5.7545004,61.0,-1.1888546,2.0411644,3.0,0.0,983.20776,22
2024-04-20 23:00:00+00:00,5.6045003,67.0,-0.044204593,2.6187487,3.0,0.0,983.3095,14
2024-04-20 23:00:00+00:00,5.509,69.0,0.2704117,2.5296068,3.0,0.0,983.65735,19
2024-04-20 23:00:00+00:00,5.761,61.0,-1.1827128,2.048542,3.0,0.0,983.32806,25
2024-04-20 23:00:00+00:00,5.3805003,64.0,-0.8868645,2.2064128,5.0,0.0,983.01984,17
2024-04-20 23:00:00+00:00,5.715,67.0,0.061330587,2.7455401,3.0,0.0,985.3596,28
2024-04-20 23:00:00+00:00,5.4895,69.0,0.25172517,2.5071754,3.0,0.0,983.2955,8
2024-04-20 23:00:00+00:00,5.5155,69.0,0.27664062,2.5370855,3.0,0.0,983.7778,7
2024-04-20 23:00:00+00:00,5.6175003,67.0,-0.03178847,2.6336603,3.0,0.0,983.5504,2
2024-04-20 23:00:00+00:00,5.598,67.0,-0.050412998,2.6112938,3.0,0.0,983.18884,5
2024-04-20 23:00:00+00:00,5.548,69.0,0.30778477,2.5744815,3.0,0.0,984.38116,12
2024-04-20 23:00:00+00:00,5.728,67.0,0.0737464,2.7604642,3.0,0.0,985.6013,29
2024-04-20 23:00:00+00:00,5.761,61.0,-1.1827128,2.048542,3.0,0.0,983.32806,15
2024-04-20 23:00:00+00:00,5.6749997,60.0,-1.4893364,1.7770624,3.0,0.0,982.95886,26
2024-04-20 23:00:00+00:00,5.774,61.0,-1.1704288,2.0632987,3.0,0.0,983.56903,23
2024-04-20 23:00:00+00:00,5.678,69.0,0.4323609,2.724164,3.0,0.0,986.7968,27
2024-04-20 23:00:00+00:00,5.4065,64.0,-0.8621605,2.2360148,5.0,0.0,983.5019,18
2024-04-20 23:00:00+00:00,5.5155,69.0,0.27664062,2.5370855,3.0,0.0,983.7778,11
2024-04-21 01:00:00+00:00,4.6785,63.0,-1.7681416,1.4354453,0.0,0.0,982.2112,24
2024-04-21 01:00:00+00:00,4.113,70.0,-0.8706868,1.4479256,0.0,0.0,983.92334,10
2024-04-21 01:00:00+00:00,4.0805,70.0,-0.90188944,1.4108791,0.0,0.0,983.317,9
2024-04-21 01:00:00+00:00,4.3545003,71.0,-0.44410375,1.6900277,0.0,0.0,984.0719,13
2024-04-21 01:00:00+00:00,4.426,71.0,-0.3753509,1.7718601,0.0,0.0,985.40533,20
2024-04-21 01:00:00+00:00,4.1,70.0,-0.8831679,1.433106,0.0,0.0,983.68085,4
2024-04-21 01:00:00+00:00,3.6,69.0,-1.5592622,0.5826793,0.0,0.0,982.8741,1
2024-04-21 01:00:00+00:00,4.1,70.0,-0.8831679,1.433106,0.0,0.0,983.68085,16
2024-04-21 01:00:00+00:00,4.061,70.0,-0.92061126,1.3886547,0.0,0.0,982.95374,3
2024-04-21 01:00:00+00:00,4.0545,70.0,-0.9268517,1.3812475,0.0,0.0,982.8326,21
2024-04-21 01:00:00+00:00,4.1,70.0,-0.8831679,1.433106,0.0,0.0,983.68085,6
2024-04-21 01:00:00+00:00,4.7045,63.0,-1.7434772,1.4648418,0.0,0.0,982.6944,22
2024-04-21 01:00:00+00:00,4.0545,70.0,-0.9268517,1.3812475,0.0,0.0,982.8326,14
2024-04-21 01:00:00+00:00,4.309,71.0,-0.48785642,1.6379757,0.0,0.0,983.2241,19
2024-04-21 01:00:00+00:00,4.711,63.0,-1.7373114,1.4721918,0.0,0.0,982.8153,25
2024-04-21 01:00:00+00:00,3.5805,69.0,-1.5779546,0.5605731,0.0,0.0,982.51025,17
2024-04-21 01:00:00+00:00,4.165,70.0,-0.8207627,1.5072203,0.0,0.0,984.8933,28
2024-04-21 01:00:00+00:00,4.2895,71.0,-0.50660753,1.615674,0.0,0.0,982.8611,8
2024-04-21 01:00:00+00:00,4.3155003,71.0,-0.481606,1.645411,0.0,0.0,983.3452,7
2024-04-21 01:00:00+00:00,4.0675,70.0,-0.9143706,1.3960624,0.0,0.0,983.0749,2
2024-04-21 01:00:00+00:00,4.048,70.0,-0.9330921,1.3738403,0.0,0.0,982.7114,5
2024-04-21 01:00:00+00:00,4.348,71.0,-0.4503548,1.6825905,0.0,0.0,983.9509,12
2024-04-21 01:00:00+00:00,4.178,70.0,-0.80828166,1.522048,0.0,0.0,985.1361,29
2024-04-21 01:00:00+00:00,4.711,63.0,-1.7373114,1.4721918,0.0,0.0,982.8153,15
2024-04-21 01:00:00+00:00,4.5249996,61.0,-2.350848,0.9093976,0.0,0.0,982.52924,26
2024-04-21 01:00:00+00:00,4.724,63.0,-1.7249794,1.4868927,0.0,0.0,983.057,23
2024-04-21 01:00:00+00:00,4.478,71.0,-0.32534972,1.8314037,0.0,0.0,986.3759,27
2024-04-21 01:00:00+00:00,3.6065,69.0,-1.5530312,0.5900488,0.0,0.0,982.9956,18
2024-04-21 01:00:00+00:00,4.3155003,71.0,-0.481606,1.645411,0.0,0.0,983.3452,11
2024-04-21 02:00:00+00:00,3.7784998,65.0,-2.1995394,0.5078144,0.0,0.0,982.19714,24
2024-04-21 02:00:00+00:00,2.963,73.0,-1.4042318,0.063483715,0.0,0.0,983.8845,10
2024-04-21 02:00:00+00:00,2.9305,73.0,-1.4355882,0.026569366,0.0,0.0,983.2762,9
2024-04-21 02:00:00+00:00,3.6045,72.0,-0.9741637,0.96312237,0.0,0.0,983.9841,13
2024-04-21 02:00:00+00:00,3.676,72.0,-0.90529376,1.0446253,0.0,0.0,985.32086,20
2024-04-21 02:00:00+00:00,2.95,73.0,-1.4167743,0.048717022,0.0,0.0,983.64105,4
2024-04-21 02:00:00+00:00,2.45,75.0,-1.5317292,-0.69407535,0.0,0.0,982.8303,1
2024-04-21 02:00:00+00:00,2.95,73.0,-1.4167743,0.048717022,0.0,0.0,983.64105,16
2024-04-21 02:00:00+00:00,2.911,73.0,-1.4544022,0.004425049,0.0,0.0,982.911,3
2024-04-21 02:00:00+00:00,2.9045,73.0,-1.4606733,-0.0029559135,0.0,0.0,982.7894,21
2024-04-21 02:00:00+00:00,2.95,73.0,-1.4167743,0.048717022,0.0,0.0,983.64105,6
2024-04-21 02:00:00+00:00,3.8044999,65.0,-2.174784,0.5371289,0.0,0.0,982.682,22
2024-04-21 02:00:00+00:00,2.9045,73.0,-1.4606733,-0.0029559135,0.0,0.0,982.7894,14
2024-04-21 02:00:00+00:00,3.559,72.0,-1.0179904,0.91128063,0.0,0.0,983.13416,19
2024-04-21 02:00:00+00:00,3.8109999,65.0,-2.1685948,0.5444584,0.0,0.0,982.8031,25
2024-04-21 02:00:00+00:00,2.4305,75.0,-1.550602,-0.71621156,0.0,0.0,982.46497,17
2024-04-21 02:00:00+00:00,3.015,73.0,-1.3540618,0.12256575,0.0,0.0,984.8589,28
2024-04-21 02:00:00+00:00,3.6395,76.0,-0.198383,1.2017865,0.0,0.0,982.6858,8
2024-04-21 02:00:00+00:00,3.6655,76.0,-0.17318541,1.2316289,0.0,0.0,983.17084,7
2024-04-21 02:00:00+00:00,3.5674999,72.0,-1.0098028,0.9952102,0.0,0.0,982.9179,2
2024-04-21 02:00:00+00:00,3.5479999,72.0,-1.0285858,0.97299623,0.0,0.0,982.5541,5
2024-04-21 02:00:00+00:00,3.698,76.0,-0.14168966,1.2689404,0.0,0.0,983.77783,12
2024-04-21 02:00:00+00:00,3.678,72.0,-0.9033672,1.1211514,0.0,0.0,984.9827,29
2024-04-21 02:00:00+00:00,3.761,69.0,-1.4049294,0.9043956,0.0,0.0,982.7003,15
2024-04-21 02:00:00+00:00,3.925,64.0,-2.2700548,0.419796,0.0,0.0,982.35925,26
2024-04-21 02:00:00+00:00,3.774,69.0,-1.392468,0.91915226,0.0,0.0,982.94293,23
2024-04-21 02:00:00+00:00,3.828,76.0,-0.015705025,1.4182835,0.0,0.0,986.2081,27
2024-04-21 02:00:00+00:00,2.8065,74.0,-1.3698627,-0.08577013,0.0,0.0,982.8015,18
2024-04-21 02:00:00+00:00,3.6655,76.0,-0.17318541,1.2316289,0.0,0.0,983.17084,11
2024-04-21 02:00:00+00:00,3.7784998,65.0,-2.1995394,0.5078144,0.0,0.0,982.19714,24
2024-04-21 02:00:00+00:00,2.963,73.0,-1.4042318,0.063483715,0.0,0.0,983.8845,10
2024-04-21 02:00:00+00:00,2.9305,73.0,-1.4355882,0.026569366,0.0,0.0,983.2762,9
2024-04-21 02:00:00+00:00,3.6045,72.0,-0.9741637,0.96312237,0.0,0.0,983.9841,13
2024-04-21 02:00:00+00:00,3.676,72.0,-0.90529376,1.0446253,0.0,0.0,985.32086,20
2024-04-21 02:00:00+00:00,2.95,73.0,-1.4167743,0.048717022,0.0,0.0,983.64105,4
2024-04-21 02:00:00+00:00,2.45,75.0,-1.5317292,-0.69407535,0.0,0.0,982.8303,1
2024-04-21 02:00:00+00:00,2.95,73.0,-1.4167743,0.048717022,0.0,0.0,983.64105,16
2024-04-21 02:00:00+00:00,2.911,73.0,-1.4544022,0.004425049,0.0,0.0,982.911,3
2024-04-21 02:00:00+00:00,2.9045,73.0,-1.4606733,-0.0029559135,0.0,0.0,982.7894,21
2024-04-21 02:00:00+00:00,2.95,73.0,-1.4167743,0.048717022,0.0,0.0,983.64105,6
2024-04-21 02:00:00+00:00,3.8044999,65.0,-2.174784,0.5371289,0.0,0.0,982.682,22
2024-04-21 02:00:00+00:00,2.9045,73.0,-1.4606733,-0.0029559135,0.0,0.0,982.7894,14
2024-04-21 02:00:00+00:00,3.559,72.0,-1.0179904,0.91128063,0.0,0.0,983.13416,19
2024-04-21 02:00:00+00:00,3.8109999,65.0,-2.1685948,0.5444584,0.0,0.0,982.8031,25
2024-04-21 02:00:00+00:00,2.4305,75.0,-1.550602,-0.71621156,0.0,0.0,982.46497,17
2024-04-21 02:00:00+00:00,3.015,73.0,-1.3540618,0.12256575,0.0,0.0,984.8589,28
2024-04-21 02:00:00+00:00,3.5395,72.0,-1.0367732,0.8890681,0.0,0.0,982.76996,8
2024-04-21 02:00:00+00:00,3.5655,72.0,-1.0117294,0.91868544,0.0,0.0,983.25574,7
2024-04-21 02:00:00+00:00,2.9175,73.0,-1.4481308,0.011806011,0.0,0.0,983.0327,2
2024-04-21 02:00:00+00:00,2.898,73.0,-1.4669446,-0.010335922,0.0,0.0,982.6676,5
2024-04-21 02:00:00+00:00,3.598,72.0,-0.9804246,0.95571566,0.0,0.0,983.86285,12
2024-04-21 02:00:00+00:00,3.028,73.0,-1.3415192,0.13733959,0.0,0.0,985.10254,29
2024-04-21 02:00:00+00:00,3.8109999,65.0,-2.1685948,0.5444584,0.0,0.0,982.8031,15
2024-04-21 02:00:00+00:00,3.825,64.0,-2.3651016,0.10132265,0.0,0.0,982.54034,26
2024-04-21 02:00:00+00:00,3.824,65.0,-2.1562173,0.55911875,0.0,0.0,983.0455,23
2024-04-21 02:00:00+00:00,3.7280002,72.0,-0.8552071,1.1039271,0.0,0.0,986.2941,27
2024-04-21 02:00:00+00:00,2.4565,75.0,-1.5254385,-0.6866963,0.0,0.0,982.95233,18
2024-04-21 02:00:00+00:00,3.5655,72.0,-1.0117294,0.91868544,0.0,0.0,983.25574,11
2024-04-21 03:00:00+00:00,2.8785,71.0,-1.863565,-0.082286835,0.0,0.0,982.3753,24
2024-04-21 03:00:00+00:00,2.413,76.0,-1.3871076,-0.29491663,0.0,0.0,984.10956,10
2024-04-21 03:00:00+00:00,2.3805,76.0,-1.4186091,-0.33185625,0.0,0.0,983.49976,9
2024-04-21 03:00:00+00:00,3.3545,72.0,-1.2149725,0.8332658,0.0,0.0,984.24493,13
2024-04-21 03:00:00+00:00,3.426,72.0,-1.1461002,0.9146137,0.0,0.0,985.58356,20
2024-04-21 03:00:00+00:00,2.4,76.0,-1.399708,-0.3096938,0.0,0.0,983.86536,4
2024-04-21 03:00:00+00:00,1.7,79.0,-1.5523231,-1.3020189,0.0,0.0,983.02795,1
2024-04-21 03:00:00+00:00,2.4,76.0,-1.399708,-0.3096938,0.0,0.0,983.86536,16
2024-04-21 03:00:00+00:00,2.361,76.0,-1.4375101,-0.3540163,0.0,0.0,983.13385,3
2024-04-21 03:00:00+00:00,2.3545,76.0,-1.4438106,-0.36140203,0.0,0.0,983.012,21
2024-04-21 03:00:00+00:00,2.4,76.0,-1.399708,-0.3096938,0.0,0.0,983.86536,6
2024-04-21 03:00:00+00:00,2.9045,71.0,-1.8385581,-0.052864075,0.0,0.0,982.8619,22
2024-04-21 03:00:00+00:00,2.3545,76.0,-1.4438106,-0.36140203,0.0,0.0,983.012,14
2024-04-21 03:00:00+00:00,3.309,72.0,-1.2588005,0.7815218,0.0,0.0,983.39417,19
2024-04-21 03:00:00+00:00,2.911,71.0,-1.8323065,-0.045506954,0.0,0.0,982.98334,25
2024-04-21 03:00:00+00:00,1.6805,79.0,-1.5713085,-1.3241675,0.0,0.0,982.6617,17
2024-04-21 03:00:00+00:00,2.4650002,76.0,-1.3367051,-0.23579359,0.0,0.0,985.086,28
2024-04-21 03:00:00+00:00,3.2895,72.0,-1.2775843,0.75935125,0.0,0.0,983.02954,8
2024-04-21 03:00:00+00:00,3.3155,72.0,-1.2525394,0.7889128,0.0,0.0,983.5156,7
2024-04-21 03:00:00+00:00,2.3675,76.0,-1.4312098,-0.3466301,0.0,0.0,983.2557,2
2024-04-21 03:00:00+00:00,2.348,76.0,-1.4501109,-0.3687873,0.0,0.0,982.88995,5
2024-04-21 03:00:00+00:00,3.348,72.0,-1.2212337,0.8258724,0.0,0.0,984.1236,12
2024-04-21 03:00:00+00:00,2.4780002,76.0,-1.3241049,-0.22100925,0.0,0.0,985.33,29
2024-04-21 03:00:00+00:00,2.911,71.0,-1.8323065,-0.045506954,0.0,0.0,982.98334,15
2024-04-21 03:00:00+00:00,3.275,67.0,-2.2695372,-0.2973194,0.0,0.0,982.66595,26
2024-04-21 03:00:00+00:00,2.924,71.0,-1.819803,-0.030792713,0.0,0.0,983.2267,23
2024-04-21 03:00:00+00:00,3.4780002,72.0,-1.0960116,0.97380304,0.0,0.0,986.55774,27
2024-04-21 03:00:00+00:00,1.7065,79.0,-1.5459949,-1.2946353,0.0,0.0,983.15015,18
2024-04-21 03:00:00+00:00,3.3155,72.0,-1.2525394,0.7889128,0.0,0.0,983.5156,11
2024-04-21 04:00:00+00:00,2.3285,74.0,-1.8317755,-0.46242714,0.0,0.0,982.4034,24
2024-04-21 04:00:00+00:00,1.913,79.0,-1.3449492,-0.57650685,0.0,0.0,984.14667,10
2024-04-21 04:00:00+00:00,1.8805,79.0,-1.3765905,-0.6134789,0.0,0.0,983.53564,9
2024-04-21 04:00:00+00:00,2.8545,74.0,-1.3234799,0.3767333,0.0,0.0,984.28296,13
2024-04-21 04:00:00+00:00,2.926,74.0,-1.2543889,0.45804358,0.0,0.0,985.62396,20
2024-04-21 04:00:00+00:00,1.9,79.0,-1.3576057,-0.59129643,0.0,0.0,983.9022,4
2024-04-21 04:00:00+00:00,0.65,86.0,-1.4231241,-2.1688128,0.0,0.0,982.99475,1
2024-04-21 04:00:00+00:00,1.9,79.0,-1.3576057,-0.59129643,0.0,0.0,983.9022,16
2024-04-21 04:00:00+00:00,1.861,79.0,-1.3955753,-0.63565755,0.0,0.0,983.16907,3
2024-04-21 04:00:00+00:00,1.8544999,79.0,-1.4019037,-0.64304996,0.0,0.0,983.0469,21
2024-04-21 04:00:00+00:00,1.9,79.0,-1.3576057,-0.59129643,0.0,0.0,983.9022,6
2024-04-21 04:00:00+00:00,2.3545,74.0,-1.80665,-0.43298054,0.0,0.0,982.89087,22
2024-04-21 04:00:00+00:00,1.8544999,79.0,-1.4019037,-0.64304996,0.0,0.0,983.0469,14
2024-04-21 04:00:00+00:00,2.809,74.0,-1.367447,0.32501364,0.0,0.0,983.4303,19
2024-04-21 04:00:00+00:00,2.361,74.0,-1.8003684,-0.42561817,0.0,0.0,983.0127,25
2024-04-21 04:00:00+00:00,0.63049996,86.0,-1.4422936,-2.1910098,0.0,0.0,982.62683,17
2024-04-21 04:00:00+00:00,1.9649999,79.0,-1.2943234,-0.5173323,0.0,0.0,985.12506,28
2024-04-21 04:00:00+00:00,2.7895,74.0,-1.3862902,0.3028531,0.0,0.0,983.0651,8
2024-04-21 04:00:00+00:00,2.8155,74.0,-1.361166,0.3324008,0.0,0.0,983.55206,7
2024-04-21 04:00:00+00:00,1.8675,79.0,-1.3892468,-0.62826514,0.0,0.0,983.29126,2
2024-04-21 04:00:00+00:00,1.8479999,79.0,-1.408232,-0.65044165,0.0,0.0,982.9251,5
2024-04-21 04:00:00+00:00,2.848,74.0,-1.3297609,0.36934376,0.0,0.0,984.1611,12
2024-04-21 04:00:00+00:00,1.9779999,79.0,-1.2816671,-0.5025351,0.0,0.0,985.36975,29
2024-04-21 04:00:00+00:00,2.361,74.0,-1.8003684,-0.42561817,0.0,0.0,983.0127,15
2024-04-21 04:00:00+00:00,2.7250001,69.0,-2.3981001,-0.76148295,0.0,0.0,982.69464,26
2024-04-21 04:00:00+00:00,2.374,74.0,-1.7878054,-0.410892,0.0,0.0,983.2566,23
2024-04-21 04:00:00+00:00,2.9780002,74.0,-1.2041417,0.5172057,0.0,0.0,986.60004,27
2024-04-21 04:00:00+00:00,0.6565,86.0,-1.4167341,-2.161413,0.0,0.0,983.1175,18
2024-04-21 04:00:00+00:00,2.8155,74.0,-1.361166,0.3324008,0.0,0.0,983.55206,11
2024-04-21 05:00:00+00:00,2.6285,73.0,-1.7269684,-0.24343348,0.0,0.0,982.5375,24
2024-04-21 05:00:00+00:00,2.013,78.0,-1.421334,-0.54396915,0.0,0.0,984.25525,10
2024-04-21 05:00:00+00:00,1.9805,78.0,-1.4529297,-0.5809126,0.0,0.0,983.64435,9
2024-04-21 05:00:00+00:00,2.6045,78.0,-0.8463168,0.07002926,0.0,0.0,984.35016,13
2024-04-21 05:00:00+00:00,2.676,78.0,-0.7768116,0.15170908,0.0,0.0,985.6922,20
2024-04-21 05:00:00+00:00,2.0,78.0,-1.4339724,-0.5587473,0.0,0.0,984.011,4
2024-04-21 05:00:00+00:00,0.75,87.0,-1.1670313,-1.919703,0.0,0.0,983.0072,1
2024-04-21 05:00:00+00:00,2.0,78.0,-1.4339724,-0.5587473,0.0,0.0,984.011,16
2024-04-21 05:00:00+00:00,1.961,78.0,-1.471887,-0.6030741,0.0,0.0,983.27814,3
2024-04-21 05:00:00+00:00,1.9545,78.0,-1.4782059,-0.61046076,0.0,0.0,983.156,21
2024-04-21 05:00:00+00:00,2.0,78.0,-1.4339724,-0.5587473,0.0,0.0,984.011,6
2024-04-21 05:00:00+00:00,2.6545,73.0,-1.701882,-0.21396875,0.0,0.0,983.02435,22
2024-04-21 05:00:00+00:00,1.9545,78.0,-1.4782059,-0.61046076,0.0,0.0,983.156,14
2024-04-21 05:00:00+00:00,2.559,78.0,-0.8905474,0.01807499,0.0,0.0,983.4969,19
2024-04-21 05:00:00+00:00,2.661,73.0,-1.6956109,-0.2066021,0.0,0.0,983.1462,25
2024-04-21 05:00:00+00:00,0.7305,87.0,-1.1862258,-1.9419487,0.0,0.0,982.6396,17
2024-04-21 05:00:00+00:00,2.065,78.0,-1.3707814,-0.4848404,0.0,0.0,985.23334,28
2024-04-21 05:00:00+00:00,2.5395,78.0,-0.9095037,-0.0041851997,0.0,0.0,983.1312,8
2024-04-21 05:00:00+00:00,2.5655,78.0,-0.88422865,0.025496006,0.0,0.0,983.6187,7
2024-04-21 05:00:00+00:00,1.9675,78.0,-1.4655677,-0.5956874,0.0,0.0,983.40027,2
2024-04-21 05:00:00+00:00,1.948,78.0,-1.4845252,-0.61784697,0.0,0.0,983.0338,5
2024-04-21 05:00:00+00:00,2.598,78.0,-0.8526355,0.062606335,0.0,0.0,984.2283,12
2024-04-21 05:00:00+00:00,2.078,78.0,-1.3581433,-0.47005463,0.0,0.0,985.4778,29
2024-04-21 05:00:00+00:00,2.661,73.0,-1.6956109,-0.2066021,0.0,0.0,983.1462,15
2024-04-21 05:00:00+00:00,3.425,68.0,-1.9253157,0.17479372,0.0,0.0,982.7809,26
2024-04-21 05:00:00+00:00,2.674,73.0,-1.6830676,-0.19186687,0.0,0.0,983.3896,23
2024-04-21 05:00:00+00:00,2.7280002,78.0,-0.7262628,0.21114111,0.0,0.0,986.6693,27
2024-04-21 05:00:00+00:00,0.7565,87.0,-1.1606328,-1.9122868,0.0,0.0,983.12994,18
2024-04-21 05:00:00+00:00,2.5655,78.0,-0.88422865,0.025496006,0.0,0.0,983.6187,11
2024-04-21 06:00:00+00:00,4.0785003,72.0,-0.51761496,1.4425726,0.0,0.0,982.13745,24
2024-04-21 06:00:00+00:00,4.013,77.0,0.34421107,1.6796021,0.0,0.0,983.8148,10
2024-04-21 06:00:00+00:00,3.9805,77.0,0.3126691,1.6421313,0.0,0.0,983.20856,9
2024-04-21 06:00:00+00:00,3.8545,80.0,0.7194084,1.4648294,0.0,0.0,984.01355,13
2024-04-21 06:00:00+00:00,3.926,80.0,0.7891045,1.547617,0.0,0.0,985.34906,20
2024-04-21 06:00:00+00:00,4.0,77.0,0.33159456,1.6646128,0.0,0.0,983.5723,4
2024-04-21 06:00:00+00:00,4.35,78.0,0.85031646,2.143756,0.0,0.0,982.675,1
2024-04-21 06:00:00+00:00,4.0,77.0,0.33159456,1.6646128,0.0,0.0,983.5723,16
2024-04-21 06:00:00+00:00,3.961,77.0,0.29374373,1.6196532,0.0,0.0,982.8451,3
2024-04-21 06:00:00+00:00,3.9545,77.0,0.28743526,1.6121616,0.0,0.0,982.7238,21
2024-04-21 06:00:00+00:00,4.0,77.0,0.33159456,1.6646128,0.0,0.0,983.5723,6
2024-04-21 06:00:00+00:00,4.1045003,72.0,-0.49257278,1.4723129,0.0,0.0,982.62164,22
2024-04-21 06:00:00+00:00,3.9545,77.0,0.28743526,1.6121616,0.0,0.0,982.7238,14
2024-04-21 06:00:00+00:00,3.809,80.0,0.67505664,1.4121728,0.0,0.0,983.1642,19
2024-04-21 06:00:00+00:00,4.111,72.0,-0.48631287,1.4797487,0.0,0.0,982.74274,25
2024-04-21 06:00:00+00:00,4.3305,78.0,0.831365,2.1211696,0.0,0.0,982.3122,17
2024-04-21 06:00:00+00:00,4.065,77.0,0.39467788,1.7395763,0.0,0.0,984.78534,28
2024-04-21 06:00:00+00:00,3.7895,80.0,0.65604883,1.3896112,0.0,0.0,982.8003,8
2024-04-21 06:00:00+00:00,3.8155,80.0,0.68139225,1.419694,0.0,0.0,983.2854,7
2024-04-21 06:00:00+00:00,3.9675,77.0,0.30005217,1.6271458,0.0,0.0,982.96625,2
2024-04-21 06:00:00+00:00,3.948,77.0,0.2811271,1.60467,0.0,0.0,982.6027,5
2024-04-21 06:00:00+00:00,3.848,80.0,0.7130724,1.4573059,0.0,0.0,983.8919,12
2024-04-21 06:00:00+00:00,4.078,77.0,0.40729475,1.7545743,0.0,0.0,985.02814,29
2024-04-21 06:00:00+00:00,4.111,72.0,-0.48631287,1.4797487,0.0,0.0,982.74274,15
2024-04-21 06:00:00+00:00,6.075,59.0,-1.3414954,2.883617,0.0,0.0,982.4275,26
2024-04-21 06:00:00+00:00,4.124,72.0,-0.47379163,1.4946222,0.0,0.0,982.98517,23
2024-04-21 06:00:00+00:00,3.9780002,80.0,0.8397916,1.6078577,0.0,0.0,986.32153,27
2024-04-21 06:00:00+00:00,4.3564997,78.0,0.85663396,2.1512847,0.0,0.0,982.79614,18
2024-04-21 06:00:00+00:00,3.8155,80.0,0.68139225,1.419694,0.0,0.0,983.2854,11
2024-04-21 07:00:00+00:00,6.1785,62.0,-0.5652329,3.374721,0.0,0.0,982.00775,24
2024-04-21 07:00:00+00:00,6.513,56.0,-1.6412308,3.55014,0.0,0.0,983.622,10
2024-04-21 07:00:00+00:00,6.4805,56.0,-1.6716415,3.5134263,0.0,0.0,983.0211,9
2024-04-21 07:00:00+00:00,6.2545004,64.0,-0.056481846,3.5093265,0.0,0.0,983.8083,13
2024-04-21 07:00:00+00:00,6.326,64.0,0.011442465,3.591291,0.0,0.0,985.13226,20
2024-04-21 07:00:00+00:00,6.5,56.0,-1.6533955,3.5354533,0.0,0.0,983.3816,4
2024-04-21 07:00:00+00:00,6.7,61.0,-0.29548818,3.900691,0.0,0.0,982.4734,1
2024-04-21 07:00:00+00:00,6.5,56.0,-1.6533955,3.5354533,0.0,0.0,983.3816,16
2024-04-21 07:00:00+00:00,6.461,56.0,-1.6898886,3.4914012,0.0,0.0,982.6611,3
2024-04-21 07:00:00+00:00,6.4545,56.0,-1.6959707,3.4840608,0.0,0.0,982.54083,21
2024-04-21 07:00:00+00:00,6.5,56.0,-1.6533955,3.5354533,0.0,0.0,983.3816,6
2024-04-21 07:00:00+00:00,6.2045,62.0,-0.5406207,3.404386,0.0,0.0,982.4885,22
2024-04-21 07:00:00+00:00,6.4545,56.0,-1.6959707,3.4840608,0.0,0.0,982.54083,14
2024-04-21 07:00:00+00:00,6.209,64.0,-0.099708326,3.457191,0.0,0.0,982.9666,19
2024-04-21 07:00:00+00:00,6.211,62.0,-0.5344684,3.4118018,0.0,0.0,982.6084,25
2024-04-21 07:00:00+00:00,6.6805,61.0,-0.31391042,3.8784046,0.0,0.0,982.1138,17
2024-04-21 07:00:00+00:00,6.565,56.0,-1.5925742,3.6089005,0.0,0.0,984.5835,28
2024-04-21 07:00:00+00:00,6.1895003,64.0,-0.11823335,3.434854,0.0,0.0,982.6059,8
2024-04-21 07:00:00+00:00,6.2155004,64.0,-0.09353282,3.4646382,0.0,0.0,983.08685,7
2024-04-21 07:00:00+00:00,6.4675,56.0,-1.6838063,3.4987426,0.0,0.0,982.781,2
2024-04-21 07:00:00+00:00,6.448,56.0,-1.7020532,3.4767203,0.0,0.0,982.42096,5
2024-04-21 07:00:00+00:00,6.248,64.0,-0.06265759,3.5018773,0.0,0.0,983.688,12
2024-04-21 07:00:00+00:00,6.578,56.0,-1.5804099,3.6235938,0.0,0.0,984.82404,29
2024-04-21 07:00:00+00:00,6.211,62.0,-0.5344684,3.4118018,0.0,0.0,982.6084,15
2024-04-21 07:00:00+00:00,7.4249997,57.0,-0.5452291,4.7853537,0.0,0.0,982.20294,26
2024-04-21 07:00:00+00:00,6.224,62.0,-0.5221625,3.4266372,0.0,0.0,982.8488,23
2024-04-21 07:00:00+00:00,6.3780003,64.0,0.06084254,3.650929,0.0,0.0,986.0961,27
2024-04-21 07:00:00+00:00,6.7064996,61.0,-0.28934723,3.9081202,0.0,0.0,982.5932,18
2024-04-21 07:00:00+00:00,6.2155004,64.0,-0.09353282,3.4646382,0.0,0.0,983.08685,11
2024-04-21 08:00:00+00:00,8.028501,54.0,-0.7229723,5.1615076,0.0,0.0,982.1342,24
2024-04-21 08:00:00+00:00,8.113,55.0,-0.39231506,5.2713757,0.0,0.0,983.8052,10
2024-04-21 08:00:00+00:00,8.080501,55.0,-0.42265034,5.234318,0.0,0.0,983.208,9
2024-04-21 08:00:00+00:00,7.9045,58.0,0.14408466,5.2576113,0.0,0.0,983.9972,13
2024-04-21 08:00:00+00:00,7.976,58.0,0.21122906,5.3395863,0.0,0.0,985.31335,20
2024-04-21 08:00:00+00:00,8.1,55.0,-0.4044486,5.2565517,0.0,0.0,983.5664,4
2024-04-21 08:00:00+00:00,8.2,56.0,-0.063025616,5.3145475,0.0,0.0,982.7475,1
2024-04-21 08:00:00+00:00,8.1,55.0,-0.4044486,5.2565517,0.0,0.0,983.5664,16
2024-04-21 08:00:00+00:00,8.061001,55.0,-0.44085264,5.2120876,0.0,0.0,982.8498,3
2024-04-21 08:00:00+00:00,8.054501,55.0,-0.44691998,5.2046785,0.0,0.0,982.73016,21
2024-04-21 08:00:00+00:00,8.1,55.0,-0.4044486,5.2565517,0.0,0.0,983.5664,6
2024-04-21 08:00:00+00:00,8.054501,54.0,-0.6987537,5.1910753,0.0,0.0,982.6115,22
2024-04-21 08:00:00+00:00,8.054501,55.0,-0.44691998,5.2046785,0.0,0.0,982.73016,14
2024-04-21 08:00:00+00:00,7.8589997,58.0,0.10135438,5.205469,0.0,0.0,983.16,19
2024-04-21 08:00:00+00:00,8.061001,54.0,-0.69269896,5.198469,0.0,0.0,982.7311,25
2024-04-21 08:00:00+00:00,8.1805,56.0,-0.08126301,5.292248,0.0,0.0,982.3894,17
2024-04-21 08:00:00+00:00,8.165,55.0,-0.34377688,5.3306866,0.0,0.0,984.7617,28
2024-04-21 08:00:00+00:00,7.8395,58.0,0.08304213,5.1831274,0.0,0.0,982.8017,8
2024-04-21 08:00:00+00:00,7.8655,58.0,0.10745908,5.2129164,0.0,0.0,983.27966,7
2024-04-21 08:00:00+00:00,8.0675,55.0,-0.43478578,5.2194977,0.0,0.0,982.9691,2
2024-04-21 08:00:00+00:00,8.048,55.0,-0.45298707,5.1972694,0.0,0.0,982.6109,5
2024-04-21 08:00:00+00:00,7.898,58.0,0.13797978,5.250161,0.0,0.0,983.8775,12
2024-04-21 08:00:00+00:00,8.178,55.0,-0.331643,5.345518,0.0,0.0,985.0007,29
2024-04-21 08:00:00+00:00,8.061001,54.0,-0.69269896,5.198469,0.0,0.0,982.7311,15
2024-04-21 08:00:00+00:00,8.425,55.0,-0.101100735,5.6984386,0.0,0.0,982.41846,26
2024-04-21 08:00:00+00:00,8.074,54.0,-0.6805893,5.213255,0.0,0.0,982.96967,23
2024-04-21 08:00:00+00:00,8.028,58.0,0.2600617,5.399233,0.0,0.0,986.2716,27
2024-04-21 08:00:00+00:00,8.2065,56.0,-0.0569456,5.3219824,0.0,0.0,982.86676,18
2024-04-21 08:00:00+00:00,7.8655,58.0,0.10745908,5.2129164,0.0,0.0,983.27966,11
2024-04-21 09:00:00+00:00,9.4285,44.0,-2.223984,5.833415,0.0,0.0,981.91455,24
2024-04-21 09:00:00+00:00,9.712999,42.0,-2.5946627,6.53981,0.0,0.0,983.5027,10
2024-04-21 09:00:00+00:00,9.6805,42.0,-2.6240737,6.5034847,0.0,0.0,982.9088,9
2024-04-21 09:00:00+00:00,9.304501,47.0,-1.4413646,5.902313,0.0,0.0,983.67163,13
2024-04-21 09:00:00+00:00,9.376,47.0,-1.375825,5.98304,0.0,0.0,984.98083,20
2024-04-21 09:00:00+00:00,9.7,42.0,-2.6064274,6.52528,0.0,0.0,983.2652,4
2024-04-21 09:00:00+00:00,9.8,45.0,-1.5805243,6.789342,0.0,0.0,982.4509,1
2024-04-21 09:00:00+00:00,9.7,42.0,-2.6064274,6.52528,0.0,0.0,983.2652,16
2024-04-21 09:00:00+00:00,9.661,42.0,-2.6417212,6.4816914,0.0,0.0,982.55273,3
2024-04-21 09:00:00+00:00,9.6545,42.0,-2.647604,6.474428,0.0,0.0,982.4342,21
2024-04-21 09:00:00+00:00,9.7,42.0,-2.6064274,6.52528,0.0,0.0,983.2652,6
2024-04-21 09:00:00+00:00,9.4545,44.0,-2.2003293,5.8625755,0.0,0.0,982.3893,22
2024-04-21 09:00:00+00:00,9.6545,42.0,-2.647604,6.474428,0.0,0.0,982.4342,14
2024-04-21 09:00:00+00:00,9.259001,47.0,-1.4830718,5.8509626,0.0,0.0,982.8391,19
2024-04-21 09:00:00+00:00,9.461,44.0,-2.1944146,5.8698664,0.0,0.0,982.5082,25
2024-04-21 09:00:00+00:00,9.7805,45.0,-1.5983083,6.7673683,0.0,0.0,982.09503,17
2024-04-21 09:00:00+00:00,9.764999,42.0,-2.5476046,6.59795,0.0,0.0,984.4532,28
2024-04-21 09:00:00+00:00,9.2395,47.0,-1.5009474,5.8289585,0.0,0.0,982.4825,8
2024-04-21 09:00:00+00:00,9.2655,47.0,-1.4771138,5.8582964,0.0,0.0,982.95776,7
2024-04-21 09:00:00+00:00,9.6675,42.0,-2.6358395,6.4889545,0.0,0.0,982.6715,2
2024-04-21 09:00:00+00:00,9.648,42.0,-2.6534877,6.467163,0.0,0.0,982.3153,5
2024-04-21 09:00:00+00:00,9.298,47.0,-1.4473227,5.8949757,0.0,0.0,983.5526,12
2024-04-21 09:00:00+00:00,9.778,42.0,-2.535839,6.612488,0.0,0.0,984.69116,29
2024-04-21 09:00:00+00:00,9.461,44.0,-2.1944146,5.8698664,0.0,0.0,982.5082,15
2024-04-21 09:00:00+00:00,9.425,46.0,-1.623876,5.854665,0.0,0.0,982.1499,26
2024-04-21 09:00:00+00:00,9.474,44.0,-2.1825886,5.884448,0.0,0.0,982.74585,23
2024-04-21 09:00:00+00:00,9.428,47.0,-1.3281609,6.041774,0.0,0.0,985.9341,27
2024-04-21 09:00:00+00:00,9.8065,45.0,-1.5745962,6.796667,0.0,0.0,982.5695,18
2024-04-21 09:00:00+00:00,9.2655,47.0,-1.4771138,5.8582964,0.0,0.0,982.95776,11
2024-04-21 10:00:00+00:00,10.3785,39.0,-2.9935236,7.46898,0.0,0.0,981.5434,24
2024-04-21 10:00:00+00:00,10.462999,40.0,-2.5764349,7.6776304,0.0,0.0,983.10284,10
2024-04-21 10:00:00+00:00,10.4305,40.0,-2.6056771,7.641321,0.0,0.0,982.51086,9
2024-04-21 10:00:00+00:00,10.6045,42.0,-1.7880099,8.234695,0.0,0.0,983.2365,13
2024-04-21 10:00:00+00:00,10.676,42.0,-1.723326,8.315096,0.0,0.0,984.5391,20
2024-04-21 10:00:00+00:00,10.45,40.0,-2.5881321,7.663106,0.0,0.0,982.86615,4
2024-04-21 10:00:00+00:00,10.5,42.0,-1.8825492,7.7481613,0.0,0.0,982.0485,1
2024-04-21 10:00:00+00:00,10.45,40.0,-2.5881321,7.663106,0.0,0.0,982.86615,16
2024-04-21 10:00:00+00:00,10.411,40.0,-2.6232228,7.6195393,0.0,0.0,982.15594,3
2024-04-21 10:00:00+00:00,10.4045,40.0,-2.6290722,7.612279,0.0,0.0,982.0377,21
2024-04-21 10:00:00+00:00,10.45,40.0,-2.5881321,7.663106,0.0,0.0,982.86615,6
2024-04-21 10:00:00+00:00,10.4045,39.0,-2.9701958,7.497942,0.0,0.0,982.01666,22
2024-04-21 10:00:00+00:00,10.4045,40.0,-2.6290722,7.612279,0.0,0.0,982.0377,14
2024-04-21 10:00:00+00:00,10.559,42.0,-1.8291724,8.18355,0.0,0.0,982.4081,19
2024-04-21 10:00:00+00:00,10.411,39.0,-2.9643626,7.505183,0.0,0.0,982.135,25
2024-04-21 10:00:00+00:00,10.4805,42.0,-1.9001908,7.7262554,3.0,0.0,981.69385,17
2024-04-21 10:00:00+00:00,10.514999,40.0,-2.5296478,7.7357407,0.0,0.0,984.05054,28
2024-04-21 10:00:00+00:00,10.539499,42.0,-1.8468137,8.161634,0.0,0.0,982.05316,8
2024-04-21 10:00:00+00:00,10.565499,42.0,-1.8232931,8.190855,0.0,0.0,982.52637,7
2024-04-21 10:00:00+00:00,10.4175,40.0,-2.6173756,7.6267996,0.0,0.0,982.2743,2
2024-04-21 10:00:00+00:00,10.398,40.0,-2.6349208,7.6050196,0.0,0.0,981.9191,5
2024-04-21 10:00:00+00:00,10.598,42.0,-1.7938901,8.227386,0.0,0.0,983.11804,12
2024-04-21 10:00:00+00:00,10.528,40.0,-2.5179508,7.750272,0.0,0.0,984.28754,29
2024-04-21 10:00:00+00:00,10.411,39.0,-2.9643626,7.505183,0.0,0.0,982.135,15
2024-04-21 10:00:00+00:00,10.075,43.0,-1.9482105,7.211931,0.0,0.0,981.74304,26
2024-04-21 10:00:00+00:00,10.424,39.0,-2.9526994,7.5196657,0.0,0.0,982.3716,23
2024-04-21 10:00:00+00:00,10.728,42.0,-1.6762851,8.37359,0.0,0.0,985.48755,27
2024-04-21 10:00:00+00:00,10.5065,42.0,-1.8766683,7.7554646,3.0,0.0,982.1668,18
2024-04-21 10:00:00+00:00,10.565499,42.0,-1.8232931,8.190855,0.0,0.0,982.52637,11
2024-04-21 11:00:00+00:00,11.1285,38.0,-2.6715593,8.262338,0.0,0.0,980.7618,24
2024-04-21 11:00:00+00:00,11.162999,39.0,-2.2897458,8.0642395,0.0,0.0,982.4065,10
2024-04-21 11:00:00+00:00,11.1305,39.0,-2.3188963,8.027871,0.0,0.0,981.81647,9
2024-04-21 11:00:00+00:00,11.1045,41.0,-1.6639209,8.22863,0.0,0.1,982.5173,13
2024-04-21 11:00:00+00:00,11.176,41.0,-1.5994262,8.309075,0.0,0.1,983.8172,20
2024-04-21 11:00:00+00:00,11.15,39.0,-2.3014064,8.049692,0.0,0.0,982.1705,4
2024-04-21 11:00:00+00:00,11.15,40.0,-1.9583782,8.048032,0.0,0.0,981.253,1
2024-04-21 11:00:00+00:00,11.15,39.0,-2.3014064,8.049692,0.0,0.0,982.1705,16
2024-04-21 11:00:00+00:00,11.111,39.0,-2.3363879,8.006053,0.0,0.0,981.4627,3
2024-04-21 11:00:00+00:00,11.1045,39.0,-2.3422182,7.998781,0.0,0.0,981.34454,21
2024-04-21 11:00:00+00:00,11.15,39.0,-2.3014064,8.049692,0.0,0.0,982.1705,6
2024-04-21 11:00:00+00:00,11.1545,38.0,-2.6483061,8.291353,0.0,0.0,981.2331,22
2024-04-21 11:00:00+00:00,11.1045,39.0,-2.3422182,7.998781,0.0,0.0,981.34454,14
2024-04-21 11:00:00+00:00,11.059,41.0,-1.7049648,8.177457,0.0,0.1,981.6911,19
2024-04-21 11:00:00+00:00,11.161,38.0,-2.6424923,8.298608,0.0,0.0,981.351,25
2024-04-21 11:00:00+00:00,11.1305,40.0,-1.9759182,8.026152,7.0,0.0,980.8995,17
2024-04-21 11:00:00+00:00,11.214999,39.0,-2.2431045,8.122446,0.0,0.0,983.3513,28
2024-04-21 11:00:00+00:00,11.039499,41.0,-1.7225547,8.15553,0.0,0.1,981.3371,8
2024-04-21 11:00:00+00:00,11.065499,41.0,-1.6991019,8.184766,0.0,0.1,981.80896,7
2024-04-21 11:00:00+00:00,11.117499,39.0,-2.3305576,8.013325,0.0,0.0,981.5806,2
2024-04-21 11:00:00+00:00,11.098,39.0,-2.348049,7.9915085,0.0,0.0,981.2267,5
2024-04-21 11:00:00+00:00,11.098,41.0,-1.6697845,8.221318,0.0,0.1,982.39935,12
2024-04-21 11:00:00+00:00,11.228,39.0,-2.2314441,8.137001,0.0,0.0,983.58746,29
2024-04-21 11:00:00+00:00,11.161,38.0,-2.6424923,8.298608,0.0,0.0,981.351,15
2024-04-21 11:00:00+00:00,11.075,39.0,-2.3686798,8.20777,0.0,0.0,980.89294,26
2024-04-21 11:00:00+00:00,11.174,38.0,-2.6308668,8.313117,0.0,0.0,981.5871,23
2024-04-21 11:00:00+00:00,11.228,41.0,-1.5525212,8.367605,0.0,0.1,984.76306,27
2024-04-21 11:00:00+00:00,11.1565,40.0,-1.9525303,8.0553255,7.0,0.0,981.3712,18
2024-04-21 11:00:00+00:00,11.065499,41.0,-1.6991019,8.184766,0.0,0.1,981.80896,11
2024-04-21 12:00:00+00:00,11.9785,32.0,-4.2217455,8.379359,0.0,0.1,980.184,24
2024-04-21 12:00:00+00:00,12.162999,34.0,-3.2489195,9.138096,0.0,0.0,981.83984,10
2024-04-21 12:00:00+00:00,12.1305,34.0,-3.277612,9.102021,0.0,0.0,981.2523,9
2024-04-21 12:00:00+00:00,12.1045,38.0,-1.7988485,8.99352,0.0,0.0,981.9503,13
2024-04-21 12:00:00+00:00,12.176,38.0,-1.7349297,9.073806,0.0,0.0,983.24445,20
2024-04-21 12:00:00+00:00,12.15,34.0,-3.2603967,9.123666,0.0,0.0,981.60474,4
2024-04-21 12:00:00+00:00,12.05,35.0,-2.959269,9.052743,0.0,0.0,980.8727,1
2024-04-21 12:00:00+00:00,12.15,34.0,-3.2603967,9.123666,0.0,0.0,981.60474,16
2024-04-21 12:00:00+00:00,12.111,34.0,-3.2948287,9.08038,0.0,0.0,980.8997,3
2024-04-21 12:00:00+00:00,12.1045,34.0,-3.3005679,9.073167,0.0,0.0,980.7822,21
2024-04-21 12:00:00+00:00,12.15,34.0,-3.2603967,9.123666,0.0,0.0,981.60474,6
2024-04-21 12:00:00+00:00,12.0045,32.0,-4.198945,8.408027,0.0,0.1,980.6539,22
2024-04-21 12:00:00+00:00,12.1045,34.0,-3.3005679,9.073167,0.0,0.0,980.7822,14
2024-04-21 12:00:00+00:00,12.059,38.0,-1.8395251,8.942448,0.0,0.0,981.1274,19
2024-04-21 12:00:00+00:00,12.011001,32.0,-4.1932435,8.4151945,0.0,0.1,980.77136,25
2024-04-21 12:00:00+00:00,12.0305,35.0,-2.976542,9.031049,10.0,0.0,980.52026,17
2024-04-21 12:00:00+00:00,12.214999,34.0,-3.2030108,9.195829,0.0,0.0,982.7807,28
2024-04-21 12:00:00+00:00,12.039499,38.0,-1.8569584,8.920563,0.0,0.0,980.7747,8
2024-04-21 12:00:00+00:00,12.065499,38.0,-1.8337148,8.949741,0.0,0.0,981.2449,7
2024-04-21 12:00:00+00:00,12.117499,34.0,-3.28909,9.087593,0.0,0.0,981.0173,2
2024-04-21 12:00:00+00:00,12.098,34.0,-3.3063066,9.065953,0.0,0.0,980.66473,5
2024-04-21 12:00:00+00:00,12.098,38.0,-1.8046595,8.986222,0.0,0.0,981.8327,12
2024-04-21 12:00:00+00:00,12.228,34.0,-3.1915338,9.210265,0.0,0.0,983.0161,29
2024-04-21 12:00:00+00:00,12.011001,32.0,-4.1932435,8.4151945,0.0,0.1,980.77136,15
2024-04-21 12:00:00+00:00,11.625,37.0,-2.5880492,8.073927,0.0,0.0,980.47327,26
2024-04-21 12:00:00+00:00,12.024,32.0,-4.1818433,8.42953,0.0,0.1,981.0064,23
2024-04-21 12:00:00+00:00,12.228,38.0,-1.6884438,9.132218,0.0,0.0,984.18665,27
2024-04-21 12:00:00+00:00,12.0565,35.0,-2.9535115,9.059975,10.0,0.0,980.99023,18
2024-04-21 12:00:00+00:00,12.065499,38.0,-1.8337148,8.949741,0.0,0.0,981.2449,11
2024-04-21 13:00:00+00:00,12.278501,32.0,-3.9586709,9.226523,4.0,0.0,980.0257,24
2024-04-21 13:00:00+00:00,12.563,32.0,-3.7092237,9.976088,4.0,0.0,981.6904,10
2024-04-21 13:00:00+00:00,12.5305,32.0,-3.7377172,9.9401455,4.0,0.0,981.1036,9
2024-04-21 13:00:00+00:00,12.3545,35.0,-2.689567,9.328607,4.0,0.0,981.88104,13
2024-04-21 13:00:00+00:00,12.426,35.0,-2.6262434,9.408317,4.0,0.0,983.1741,20
2024-04-21 13:00:00+00:00,12.55,32.0,-3.7206213,9.96171,4.0,0.0,981.4556,4
2024-04-21 13:00:00+00:00,12.5,34.0,-2.951417,9.938416,4.0,0.0,980.63385,1
2024-04-21 13:00:00+00:00,12.55,32.0,-3.7206213,9.96171,4.0,0.0,981.4556,16
2024-04-21 13:00:00+00:00,12.511001,32.0,-3.7548132,9.918583,4.0,0.0,980.7517,3
2024-04-21 13:00:00+00:00,12.5045,32.0,-3.7605128,9.911395,4.0,0.0,980.6342,21
2024-04-21 13:00:00+00:00,12.55,32.0,-3.7206213,9.96171,4.0,0.0,981.4556,6
2024-04-21 13:00:00+00:00,12.304501,32.0,-3.9358718,9.255238,4.0,0.0,980.49506,22
2024-04-21 13:00:00+00:00,12.5045,32.0,-3.7605128,9.911395,4.0,0.0,980.6342,14
2024-04-21 13:00:00+00:00,12.309,35.0,-2.729865,9.2779,4.0,0.0,981.0587,19
2024-04-21 13:00:00+00:00,12.311001,32.0,-3.9301724,9.262417,4.0,0.0,980.61224,25
2024-04-21 13:00:00+00:00,12.4805,34.0,-2.9686303,9.916728,15.0,0.0,980.2821,17
2024-04-21 13:00:00+00:00,12.615,32.0,-3.6636348,10.033609,4.0,0.0,982.6295,28
2024-04-21 13:00:00+00:00,12.289499,35.0,-2.7471366,9.256171,4.0,0.0,980.70654,8
2024-04-21 13:00:00+00:00,12.315499,35.0,-2.7241092,9.285142,4.0,0.0,981.1763,7
2024-04-21 13:00:00+00:00,12.5175,32.0,-3.7491155,9.92577,4.0,0.0,980.8689,2
2024-04-21 13:00:00+00:00,12.498,32.0,-3.7662115,9.904208,4.0,0.0,980.5171,5
2024-04-21 13:00:00+00:00,12.348,35.0,-2.6953242,9.321362,4.0,0.0,981.7634,12
2024-04-21 13:00:00+00:00,12.628,32.0,-3.6522367,10.047993,4.0,0.0,982.8646,29
2024-04-21 13:00:00+00:00,12.311001,32.0,-3.9301724,9.262417,4.0,0.0,980.61224,15
2024-04-21 13:00:00+00:00,11.925,35.0,-3.0699954,8.799805,4.0,0.0,980.21814,26
2024-04-21 13:00:00+00:00,12.324,32.0,-3.9187737,9.276776,4.0,0.0,980.8469,23
2024-04-21 13:00:00+00:00,12.478,35.0,-2.5801914,9.466309,4.0,0.0,984.11536,27
2024-04-21 13:00:00+00:00,12.5065,34.0,-2.9456797,9.945646,15.0,0.0,980.75104,18
2024-04-21 13:00:00+00:00,12.315499,35.0,-2.7241092,9.285142,4.0,0.0,981.1763,11
2024-04-21 14:00:00+00:00,12.278501,33.0,-3.5473483,8.445276,19.0,0.0,979.63904,24
2024-04-21 14:00:00+00:00,12.313,34.0,-3.1164944,8.550117,19.0,0.0,981.27527,10
2024-04-21 14:00:00+00:00,12.2805,34.0,-3.1451855,8.514011,19.0,0.0,980.68835,9
2024-04-21 14:00:00+00:00,12.1545,36.0,-2.486753,8.312782,19.0,0.0,981.4714,13
2024-04-21 14:00:00+00:00,12.226,36.0,-2.4232242,8.39263,19.0,0.0,982.76483,20
2024-04-21 14:00:00+00:00,12.3,34.0,-3.1279702,8.535674,19.0,0.0,981.0405,4
2024-04-21 14:00:00+00:00,12.15,36.0,-2.490753,8.409576,19.0,0.0,980.2071,1
2024-04-21 14:00:00+00:00,12.3,34.0,-3.1279702,8.535674,19.0,0.0,981.0405,16
2024-04-21 14:00:00+00:00,12.261001,34.0,-3.1623993,8.492352,19.0,0.0,980.3363,3
2024-04-21 14:00:00+00:00,12.2545,34.0,-3.1681383,8.485132,19.0,0.0,980.2189,21
2024-04-21 14:00:00+00:00,12.3,34.0,-3.1279702,8.535674,19.0,0.0,981.0405,6
2024-04-21 14:00:00+00:00,12.304501,33.0,-3.5244706,8.474075,19.0,0.0,980.1082,22
2024-04-21 14:00:00+00:00,12.2545,34.0,-3.1681383,8.485132,19.0,0.0,980.2189,14
2024-04-21 14:00:00+00:00,12.109,36.0,-2.5271823,8.261988,19.0,0.0,980.6491,19
2024-04-21 14:00:00+00:00,12.311001,33.0,-3.5187519,8.481276,19.0,0.0,980.2254,25
2024-04-21 14:00:00+00:00,12.1305,36.0,-2.5080788,8.387807,57.0,0.0,979.8549,17
2024-04-21 14:00:00+00:00,12.365,34.0,-3.0705893,8.6079,19.0,0.0,982.21533,28
2024-04-21 14:00:00+00:00,12.089499,36.0,-2.5445106,8.240222,19.0,0.0,980.29675,8
2024-04-21 14:00:00+00:00,12.1154995,36.0,-2.521408,8.269242,19.0,0.0,980.76654,7
2024-04-21 14:00:00+00:00,12.2675,34.0,-3.1566617,8.499571,19.0,0.0,980.45374,2
2024-04-21 14:00:00+00:00,12.248,34.0,-3.173877,8.477912,19.0,0.0,980.10175,5
2024-04-21 14:00:00+00:00,12.148,36.0,-2.4925299,8.305525,19.0,0.0,981.35406,12
2024-04-21 14:00:00+00:00,12.378,34.0,-3.0591116,8.622349,19.0,0.0,982.45026,29
2024-04-21 14:00:00+00:00,12.311001,33.0,-3.5187519,8.481276,19.0,0.0,980.2254,15
2024-04-21 14:00:00+00:00,11.925,36.0,-2.6906853,8.250847,19.0,0.0,979.8314,26
2024-04-21 14:00:00+00:00,12.324,33.0,-3.5073135,8.495676,19.0,0.0,980.45996,23
2024-04-21 14:00:00+00:00,12.278,36.0,-2.3770216,8.450723,19.0,0.0,983.70667,27
2024-04-21 14:00:00+00:00,12.1565,36.0,-2.484976,8.416834,57.0,0.0,980.3245,18
2024-04-21 14:00:00+00:00,12.1154995,36.0,-2.521408,8.269242,19.0,0.0,980.76654,11
2024-04-21 15:00:00+00:00,11.278501,37.0,-2.8969748,7.338564,23.0,0.1,979.9095,24
2024-04-21 15:00:00+00:00,11.613,38.0,-2.2382884,7.829232,23.0,0.1,981.4884,10
2024-04-21 15:00:00+00:00,11.580501,38.0,-2.2673485,7.792863,23.0,0.1,980.8998,9
2024-04-21 15:00:00+00:00,11.3545,39.0,-2.1179855,7.38126,23.0,0.0,981.6737,13
2024-04-21 15:00:00+00:00,11.426,39.0,-2.053859,7.4613943,23.0,0.0,982.9708,20
2024-04-21 15:00:00+00:00,11.6,38.0,-2.2499115,7.814684,23.0,0.1,981.25305,4
2024-04-21 15:00:00+00:00,11.35,37.0,-2.833224,7.5495615,23.0,0.0,980.4058,1
2024-04-21 15:00:00+00:00,11.6,38.0,-2.2499115,7.814684,23.0,0.1,981.25305,16
2024-04-21 15:00:00+00:00,11.561001,38.0,-2.2847855,7.7710447,23.0,0.1,980.54675,3
2024-04-21 15:00:00+00:00,11.554501,38.0,-2.2905974,7.763772,23.0,0.1,980.4293,21
2024-04-21 15:00:00+00:00,11.6,38.0,-2.2499115,7.814684,23.0,0.1,981.25305,6
2024-04-21 15:00:00+00:00,11.304501,37.0,-2.8737924,7.367525,23.0,0.1,980.38007,22
2024-04-21 15:00:00+00:00,11.554501,38.0,-2.2905974,7.763772,23.0,0.1,980.4293,14
2024-04-21 15:00:00+00:00,11.309,39.0,-2.1587942,7.330285,23.0,0.0,980.84875,19
2024-04-21 15:00:00+00:00,11.311001,37.0,-2.867997,7.3747673,23.0,0.1,980.49786,25
2024-04-21 15:00:00+00:00,11.330501,37.0,-2.8506107,7.527834,65.0,0.0,980.05255,17
2024-04-21 15:00:00+00:00,11.665,38.0,-2.1917913,7.8874397,23.0,0.1,982.4308,28
2024-04-21 15:00:00+00:00,11.289499,39.0,-2.176284,7.308441,23.0,0.0,980.49536,8
2024-04-21 15:00:00+00:00,11.315499,39.0,-2.1529648,7.3375654,23.0,0.0,980.96655,7
2024-04-21 15:00:00+00:00,11.5675,38.0,-2.2789733,7.7783165,23.0,0.1,980.6646,2
2024-04-21 15:00:00+00:00,11.548,38.0,-2.2964096,7.7564993,23.0,0.1,980.3115,5
2024-04-21 15:00:00+00:00,11.348,39.0,-2.1238148,7.3739767,23.0,0.0,981.55585,12
2024-04-21 15:00:00+00:00,11.678,38.0,-2.180167,7.9019947,23.0,0.1,982.6664,29
2024-04-21 15:00:00+00:00,11.311001,37.0,-2.867997,7.3747673,23.0,0.1,980.49786,15
2024-04-21 15:00:00+00:00,10.724999,38.0,-3.0324645,6.9078493,23.0,0.1,980.07874,26
2024-04-21 15:00:00+00:00,11.324,37.0,-2.8564062,7.389249,23.0,0.1,980.7334,23
2024-04-21 15:00:00+00:00,11.478,39.0,-2.0072224,7.519696,23.0,0.0,983.91534,27
2024-04-21 15:00:00+00:00,11.356501,37.0,-2.8274288,7.5568056,65.0,0.0,980.5236,18
2024-04-21 15:00:00+00:00,11.315499,39.0,-2.1529648,7.3375654,23.0,0.0,980.96655,11
2024-04-21 16:00:00+00:00,10.5785,40.0,-2.4725142,6.2202854,26.0,0.0,980.50385,24
2024-04-21 16:00:00+00:00,10.813,40.0,-2.261538,6.4536085,26.0,0.0,982.1739,10
2024-04-21 16:00:00+00:00,10.7805,40.0,-2.2907755,6.417221,26.0,0.0,981.5833,9
2024-04-21 16:00:00+00:00,10.3545,42.0,-2.0141883,6.1628456,26.0,0.0,982.2404,13
2024-04-21 16:00:00+00:00,10.426,42.0,-1.9494988,6.2431164,26.0,0.0,983.5429,20
2024-04-21 16:00:00+00:00,10.8,40.0,-2.2732322,6.4390535,26.0,0.0,981.93756,4
2024-04-21 16:00:00+00:00,10.8,40.0,-2.2732322,6.4528046,26.0,0.0,981.0195,1
2024-04-21 16:00:00+00:00,10.8,40.0,-2.2732322,6.4390535,26.0,0.0,981.93756,16
2024-04-21 16:00:00+00:00,10.761001,40.0,-2.3083181,6.3953915,26.0,0.0,981.22906,3
2024-04-21 16:00:00+00:00,10.7545,40.0,-2.3141665,6.388116,26.0,0.0,981.11084,21
2024-04-21 16:00:00+00:00,10.8,40.0,-2.2732322,6.4390535,26.0,0.0,981.93756,6
2024-04-21 16:00:00+00:00,10.6045,40.0,-2.4491215,6.249359,26.0,0.0,980.97626,22
2024-04-21 16:00:00+00:00,10.7545,40.0,-2.3141665,6.388116,26.0,0.0,981.11084,14
2024-04-21 16:00:00+00:00,10.309,42.0,-2.0553555,6.111784,26.0,0.0,981.4122,19
2024-04-21 16:00:00+00:00,10.611,40.0,-2.4432733,6.256628,26.0,0.0,981.0944,25
2024-04-21 16:00:00+00:00,10.7805,40.0,-2.2907755,6.430972,62.0,0.0,980.6654,17
2024-04-21 16:00:00+00:00,10.865,40.0,-2.214757,6.5118456,26.0,0.0,983.1197,28
2024-04-21 16:00:00+00:00,10.289499,42.0,-2.0729985,6.089903,26.0,0.0,981.0574,8
2024-04-21 16:00:00+00:00,10.315499,42.0,-2.0494752,6.1190767,26.0,0.0,981.53033,7
2024-04-21 16:00:00+00:00,10.7675,40.0,-2.3024707,6.402667,26.0,0.0,981.34717,2
2024-04-21 16:00:00+00:00,10.748,40.0,-2.320015,6.3808403,26.0,0.0,980.993,5
2024-04-21 16:00:00+00:00,10.348,42.0,-2.0200691,6.15555,26.0,0.0,982.1218,12
2024-04-21 16:00:00+00:00,10.878,40.0,-2.2030604,6.526408,26.0,0.0,983.3561,29
2024-04-21 16:00:00+00:00,10.611,40.0,-2.4432733,6.256628,26.0,0.0,981.0944,15
2024-04-21 16:00:00+00:00,10.474999,42.0,-1.9051678,6.46416,26.0,0.0,980.62976,26
2024-04-21 16:00:00+00:00,10.624,40.0,-2.431577,6.271167,26.0,0.0,981.33044,23
2024-04-21 16:00:00+00:00,10.478,42.0,-1.9024532,6.3015184,26.0,0.0,984.49115,27
2024-04-21 16:00:00+00:00,10.8065,40.0,-2.267385,6.460082,62.0,0.0,981.1376,18
2024-04-21 16:00:00+00:00,10.315499,42.0,-2.0494752,6.1190767,26.0,0.0,981.53033,11
2024-04-21 17:00:00+00:00,9.6785,42.0,-2.625884,5.588072,29.0,0.0,981.2675,24
2024-04-21 17:00:00+00:00,9.863,42.0,-2.4589193,5.8091583,29.0,0.0,982.9389,10
2024-04-21 17:00:00+00:00,9.830501,42.0,-2.4883287,5.7727985,29.0,0.0,982.3457,9
2024-04-21 17:00:00+00:00,9.5045,45.0,-1.8500354,5.875947,29.0,0.0,983.0164,13
2024-04-21 17:00:00+00:00,9.576,45.0,-1.7848213,5.9563856,29.0,0.0,984.32404,20
2024-04-21 17:00:00+00:00,9.85,42.0,-2.4706826,5.794615,29.0,0.0,982.70154,4
2024-04-21 17:00:00+00:00,9.8,41.0,-2.8409388,5.645915,29.0,0.0,981.8708,1
2024-04-21 17:00:00+00:00,9.85,42.0,-2.4706826,5.794615,29.0,0.0,982.70154,16
2024-04-21 17:00:00+00:00,9.811001,42.0,-2.505975,5.750984,29.0,0.0,981.99,3
2024-04-21 17:00:00+00:00,9.804501,42.0,-2.5118575,5.7437153,29.0,0.0,981.87134,21
2024-04-21 17:00:00+00:00,9.85,42.0,-2.4706826,5.794615,29.0,0.0,982.70154,6
2024-04-21 17:00:00+00:00,9.7045,42.0,-2.602355,5.617133,29.0,0.0,981.742,22
2024-04-21 17:00:00+00:00,9.804501,42.0,-2.5118575,5.7437153,29.0,0.0,981.87134,14
2024-04-21 17:00:00+00:00,9.459001,45.0,-1.8915361,5.8247786,29.0,0.0,982.18494,19
2024-04-21 17:00:00+00:00,9.711,42.0,-2.5964713,5.624399,29.0,0.0,981.8605,25
2024-04-21 17:00:00+00:00,9.7805,41.0,-2.8585377,5.6241617,58.0,0.0,981.5151,17
2024-04-21 17:00:00+00:00,9.915,42.0,-2.4118626,5.8673534,29.0,0.0,983.8883,28
2024-04-21 17:00:00+00:00,9.4395,45.0,-1.9093231,5.8028536,29.0,0.0,981.8289,8
2024-04-21 17:00:00+00:00,9.4655,45.0,-1.8856081,5.8320875,29.0,0.0,982.3039,7
2024-04-21 17:00:00+00:00,9.8175,42.0,-2.5000942,5.758255,29.0,0.0,982.1085,2
2024-04-21 17:00:00+00:00,9.798,42.0,-2.5177398,5.7364445,29.0,0.0,981.75287,5
2024-04-21 17:00:00+00:00,9.498,45.0,-1.8559647,5.868636,29.0,0.0,982.89764,12
2024-04-21 17:00:00+00:00,9.928,42.0,-2.400099,5.8819046,29.0,0.0,984.1258,29
2024-04-21 17:00:00+00:00,9.711,42.0,-2.5964713,5.624399,29.0,0.0,981.8605,15
2024-04-21 17:00:00+00:00,9.474999,43.0,-2.492625,5.6180334,29.0,0.0,981.4792,26
2024-04-21 17:00:00+00:00,9.724,42.0,-2.5847073,5.6389313,29.0,0.0,982.09766,23
2024-04-21 17:00:00+00:00,9.628,45.0,-1.7373936,6.0149107,29.0,0.0,985.276,27
2024-04-21 17:00:00+00:00,9.8065,41.0,-2.8350723,5.653167,58.0,0.0,981.9893,18
2024-04-21 17:00:00+00:00,9.4655,45.0,-1.8856081,5.8320875,29.0,0.0,982.3039,11
2024-04-21 18:00:00+00:00,8.6285,48.0,-1.7753363,5.776289,32.0,0.0,981.72296,24
2024-04-21 18:00:00+00:00,8.962999,47.0,-1.7544174,5.9338617,32.0,0.0,983.418,10
2024-04-21 18:00:00+00:00,8.9305,47.0,-1.7842114,5.8972654,32.0,0.0,982.82263,9
2024-04-21 18:00:00+00:00,8.2545,52.0,-1.0295842,5.2923403,32.0,0.0,983.5529,13
2024-04-21 18:00:00+00:00,8.326,52.0,-0.9632707,5.3734303,32.0,0.0,984.8669,20
2024-04-21 18:00:00+00:00,8.95,47.0,-1.7663349,5.919223,32.0,0.0,983.1797,4
2024-04-21 18:00:00+00:00,8.3,50.0,-1.5226463,5.320176,32.0,0.0,982.27563,1
2024-04-21 18:00:00+00:00,8.95,47.0,-1.7663349,5.919223,32.0,0.0,983.1797,16
2024-04-21 18:00:00+00:00,8.911,47.0,-1.8020878,5.875311,32.0,0.0,982.46545,3
2024-04-21 18:00:00+00:00,8.9045,47.0,-1.8080468,5.8679934,32.0,0.0,982.34656,21
2024-04-21 18:00:00+00:00,8.95,47.0,-1.7663349,5.919223,32.0,0.0,983.1797,6
2024-04-21 18:00:00+00:00,8.6545,48.0,-1.751442,5.8055763,32.0,0.0,982.19916,22
2024-04-21 18:00:00+00:00,8.9045,47.0,-1.8080468,5.8679934,32.0,0.0,982.34656,14
2024-04-21 18:00:00+00:00,8.209001,52.0,-1.071784,5.240759,32.0,0.0,982.7173,19
2024-04-21 18:00:00+00:00,8.661,48.0,-1.7454679,5.8128986,32.0,0.0,982.318,25
2024-04-21 18:00:00+00:00,8.2805,50.0,-1.5406523,5.2981615,55.0,0.0,981.9183,17
2024-04-21 18:00:00+00:00,9.014999,47.0,-1.7067477,5.9924335,32.0,0.0,984.371,28
2024-04-21 18:00:00+00:00,8.1895,52.0,-1.0898712,5.2186565,32.0,0.0,982.3595,8
2024-04-21 18:00:00+00:00,8.2155,52.0,-1.0657561,5.248126,32.0,0.0,982.8366,7
2024-04-21 18:00:00+00:00,8.9175,47.0,-1.7961302,5.8826284,32.0,0.0,982.5847,2
2024-04-21 18:00:00+00:00,8.898,47.0,-1.814007,5.860676,32.0,0.0,982.22754,5
2024-04-21 18:00:00+00:00,8.248,52.0,-1.0356131,5.2849703,32.0,0.0,983.43353,12
2024-04-21 18:00:00+00:00,9.028,47.0,-1.6948292,6.00708,32.0,0.0,984.60925,29
2024-04-21 18:00:00+00:00,8.661,48.0,-1.7454679,5.8128986,32.0,0.0,982.318,15
2024-04-21 18:00:00+00:00,7.325,54.0,-1.3783482,4.315054,32.0,0.0,981.901,26
2024-04-21 18:00:00+00:00,8.674,48.0,-1.7335217,5.827544,32.0,0.0,982.5563,23
2024-04-21 18:00:00+00:00,8.378,52.0,-0.9150432,5.432431,32.0,0.0,985.8235,27
2024-04-21 18:00:00+00:00,8.3065,50.0,-1.5166448,5.3275156,55.0,0.0,982.3949,18
2024-04-21 18:00:00+00:00,8.2155,52.0,-1.0657561,5.248126,32.0,0.0,982.8366,11
2024-04-21 19:00:00+00:00,7.7785,49.0,-2.2779183,5.138588,21.0,0.0,982.394,24
2024-04-21 19:00:00+00:00,8.013,50.0,-1.7876648,5.412176,21.0,0.0,984.08405,10
2024-04-21 19:00:00+00:00,7.9805,50.0,-1.8176764,5.375558,21.0,0.0,983.4864,9
2024-04-21 19:00:00+00:00,7.2045,53.0,-1.7449543,4.330676,21.0,0.0,984.1107,13
2024-04-21 19:00:00+00:00,7.276,53.0,-1.6784779,4.411354,21.0,0.0,985.43085,20
2024-04-21 19:00:00+00:00,8.0,50.0,-1.7996688,5.3975277,21.0,0.0,983.84485,4
2024-04-21 19:00:00+00:00,6.6,58.0,-1.0811778,3.8915377,21.0,0.0,982.94495,1
2024-04-21 19:00:00+00:00,8.0,50.0,-1.7996688,5.3975277,21.0,0.0,983.84485,16
2024-04-21 19:00:00+00:00,7.961,50.0,-1.8356838,5.35359,21.0,0.0,983.12805,3
2024-04-21 19:00:00+00:00,7.9545,50.0,-1.8416865,5.3462687,21.0,0.0,983.0084,21
2024-04-21 19:00:00+00:00,8.0,50.0,-1.7996688,5.3975277,21.0,0.0,983.84485,6
2024-04-21 19:00:00+00:00,7.8045,49.0,-2.2539613,5.167777,21.0,0.0,982.872,22
2024-04-21 19:00:00+00:00,7.9545,50.0,-1.8416865,5.3462687,21.0,0.0,983.0084,14
2024-04-21 19:00:00+00:00,7.159,53.0,-1.7872584,4.279356,21.0,0.0,983.27155,19
2024-04-21 19:00:00+00:00,7.811,49.0,-2.2479734,5.1750755,21.0,0.0,982.99164,25
2024-04-21 19:00:00+00:00,6.5805,58.0,-1.099496,3.8694048,37.0,0.0,982.5848,17
2024-04-21 19:00:00+00:00,8.065,50.0,-1.739646,5.4707823,21.0,0.0,985.0412,28
2024-04-21 19:00:00+00:00,7.1395,53.0,-1.805389,4.257366,21.0,0.0,982.91235,8
2024-04-21 19:00:00+00:00,7.1655,53.0,-1.7812148,4.286686,21.0,0.0,983.3916,7
2024-04-21 19:00:00+00:00,7.9675,50.0,-1.8296816,5.3609123,21.0,0.0,983.2474,2
2024-04-21 19:00:00+00:00,7.948,50.0,-1.8476887,5.3389473,21.0,0.0,982.88916,5
2024-04-21 19:00:00+00:00,7.198,53.0,-1.750998,4.3233433,21.0,0.0,983.991,12
2024-04-21 19:00:00+00:00,8.078,50.0,-1.7276407,5.4854374,21.0,0.0,985.28046,29
2024-04-21 19:00:00+00:00,7.811,49.0,-2.2479734,5.1750755,21.0,0.0,982.99164,15
2024-04-21 19:00:00+00:00,6.1749997,55.0,-2.201749,3.1545277,21.0,0.0,982.6328,26
2024-04-21 19:00:00+00:00,7.824,49.0,-2.2359946,5.1896725,21.0,0.0,983.23065,23
2024-04-21 19:00:00+00:00,7.328,53.0,-1.6301318,4.4700537,21.0,0.0,986.3914,27
2024-04-21 19:00:00+00:00,6.6064997,58.0,-1.0750717,3.8989162,37.0,0.0,983.0648,18
2024-04-21 19:00:00+00:00,7.1655,53.0,-1.7812148,4.286686,21.0,0.0,983.3916,11
2024-04-21 20:00:00+00:00,6.8285003,55.0,-1.5914961,4.0478973,2.0,0.0,982.8594,24
2024-04-21 20:00:00+00:00,7.363,51.0,-2.119939,4.365594,2.0,0.0,984.5906,10
2024-04-21 20:00:00+00:00,7.3305,51.0,-2.1500242,4.329054,2.0,0.0,983.9911,9
2024-04-21 20:00:00+00:00,6.2045,58.0,-1.4527315,3.3084106,2.0,0.0,984.67334,13
2024-04-21 20:00:00+00:00,6.276,58.0,-1.385558,3.3893652,2.0,0.0,985.99884,20
2024-04-21 20:00:00+00:00,7.35,51.0,-2.1319733,4.350977,2.0,0.0,984.35077,4
2024-04-21 20:00:00+00:00,6.6,55.0,-1.8048627,3.8419476,2.0,0.0,983.4282,1
2024-04-21 20:00:00+00:00,7.35,51.0,-2.1319733,4.350977,2.0,0.0,984.35077,16
2024-04-21 20:00:00+00:00,7.311,51.0,-2.1680758,4.3071337,2.0,0.0,983.6316,3
2024-04-21 20:00:00+00:00,7.3045,51.0,-2.1740923,4.2998276,2.0,0.0,983.5119,21
2024-04-21 20:00:00+00:00,7.35,51.0,-2.1319733,4.350977,2.0,0.0,984.35077,6
2024-04-21 20:00:00+00:00,6.8545003,55.0,-1.5672188,4.077278,2.0,0.0,983.3392,22
2024-04-21 20:00:00+00:00,7.3045,51.0,-2.1740923,4.2998276,2.0,0.0,983.5119,14
2024-04-21 20:00:00+00:00,6.159,58.0,-1.4954793,3.256916,2.0,0.0,983.831,19
2024-04-21 20:00:00+00:00,6.861,55.0,-1.5611502,4.0846243,2.0,0.0,983.45917,25
2024-04-21 20:00:00+00:00,6.5805,55.0,-1.8230715,3.81995,4.0,0.0,983.06793,17
2024-04-21 20:00:00+00:00,7.415,51.0,-2.071803,4.424075,2.0,0.0,985.55005,28
2024-04-21 20:00:00+00:00,6.1395,58.0,-1.5137997,3.2348518,2.0,0.0,983.4699,8
2024-04-21 20:00:00+00:00,6.1655,58.0,-1.4893726,3.2642717,2.0,0.0,983.9513,7
2024-04-21 20:00:00+00:00,7.3175,51.0,-2.1620584,4.31444,2.0,0.0,983.75134,2
2024-04-21 20:00:00+00:00,7.298,51.0,-2.1801097,4.2925215,2.0,0.0,983.3919,5
2024-04-21 20:00:00+00:00,6.198,58.0,-1.4588388,3.301053,2.0,0.0,984.553,12
2024-04-21 20:00:00+00:00,7.428,51.0,-2.0597694,4.438699,2.0,0.0,985.79016,29
2024-04-21 20:00:00+00:00,6.861,55.0,-1.5611502,4.0846243,2.0,0.0,983.45917,15
2024-04-21 20:00:00+00:00,6.575,55.0,-1.8282079,3.6896935,2.0,0.0,983.0673,26
2024-04-21 20:00:00+00:00,6.874,55.0,-1.5490111,4.0993176,2.0,0.0,983.6993,23
2024-04-21 20:00:00+00:00,6.328,58.0,-1.3367056,3.448267,2.0,0.0,986.9635,27
2024-04-21 20:00:00+00:00,6.6064997,55.0,-1.798793,3.8492804,4.0,0.0,983.54816,18
2024-04-21 20:00:00+00:00,6.1655,58.0,-1.4893726,3.2642717,2.0,0.0,983.9513,11
2024-04-21 21:00:00+00:00,6.0785003,59.0,-1.3382,3.5905933,0.0,0.0,983.73444,24
2024-04-21 21:00:00+00:00,6.113,59.0,-1.3057243,3.4595485,0.0,0.0,985.4142,10
2024-04-21 21:00:00+00:00,6.0805,59.0,-1.3363178,3.4227157,0.0,0.0,984.81146,9
2024-04-21 21:00:00+00:00,5.8045,62.0,-0.9192809,3.259901,0.0,0.0,985.4984,13
2024-04-21 21:00:00+00:00,5.876,62.0,-0.85159326,3.3412633,0.0,0.0,986.8266,20
2024-04-21 21:00:00+00:00,6.1,59.0,-1.3179618,3.4448142,0.0,0.0,985.17316,4
2024-04-21 21:00:00+00:00,6.0,59.0,-1.4120965,3.3999844,0.0,0.0,984.32306,1
2024-04-21 21:00:00+00:00,6.1,59.0,-1.3179618,3.4448142,0.0,0.0,985.17316,16
2024-04-21 21:00:00+00:00,6.061,59.0,-1.3546742,3.400619,0.0,0.0,984.45013,3
2024-04-21 21:00:00+00:00,6.0545,59.0,-1.3607926,3.3932548,0.0,0.0,984.32965,21
2024-04-21 21:00:00+00:00,6.1,59.0,-1.3179618,3.4448142,0.0,0.0,985.17316,6
2024-04-21 21:00:00+00:00,6.1045003,59.0,-1.3137254,3.620059,0.0,0.0,984.216,22
2024-04-21 21:00:00+00:00,6.0545,59.0,-1.3607926,3.3932548,0.0,0.0,984.32965,14
2024-04-21 21:00:00+00:00,5.759,62.0,-0.9623554,3.2081466,0.0,0.0,984.6537,19
2024-04-21 21:00:00+00:00,6.111,59.0,-1.3076069,3.6274261,0.0,0.0,984.3364,25
2024-04-21 21:00:00+00:00,5.9805,59.0,-1.4304526,3.3779016,0.0,0.0,983.96185,17
2024-04-21 21:00:00+00:00,6.165,59.0,-1.2567749,3.5184999,0.0,0.0,986.3788,28
2024-04-21 21:00:00+00:00,5.7395,62.0,-0.98081565,3.1859717,0.0,0.0,984.2921,8
2024-04-21 21:00:00+00:00,5.7655,62.0,-0.95620203,3.2155395,0.0,0.0,984.7744,7
2024-04-21 21:00:00+00:00,6.0675,59.0,-1.348555,3.4079843,0.0,0.0,984.5705,2
2024-04-21 21:00:00+00:00,6.048,59.0,-1.3669115,3.38589,0.0,0.0,984.2092,5
2024-04-21 21:00:00+00:00,5.798,62.0,-0.92543435,3.2525063,0.0,0.0,985.37756,12
2024-04-21 21:00:00+00:00,6.178,59.0,-1.2445377,3.5332408,0.0,0.0,986.62006,29
2024-04-21 21:00:00+00:00,6.111,59.0,-1.3076069,3.6274261,0.0,0.0,984.3364,15
2024-04-21 21:00:00+00:00,5.4249997,62.0,-1.2785647,2.7753234,0.0,0.0,983.89453,26
2024-04-21 21:00:00+00:00,6.124,59.0,-1.2953694,3.6421623,0.0,0.0,984.5773,23
2024-04-21 21:00:00+00:00,5.928,62.0,-0.8023659,3.4004636,0.0,0.0,987.7936,27
2024-04-21 21:00:00+00:00,6.0065,59.0,-1.4059777,3.4073458,0.0,0.0,984.44354,18
2024-04-21 21:00:00+00:00,5.7655,62.0,-0.95620203,3.2155395,0.0,0.0,984.7744,11
2024-04-21 22:00:00+00:00,5.0285,61.0,-1.8749542,1.6681509,0.0,0.0,984.2824,24
2024-04-21 22:00:00+00:00,5.063,62.0,-1.6213074,2.1143718,0.0,0.0,985.8726,10
2024-04-21 22:00:00+00:00,5.0305004,62.0,-1.65208,2.0776014,0.0,0.0,985.2674,9
2024-04-21 22:00:00+00:00,4.8545003,63.0,-1.6011858,1.708108,0.0,0.0,985.9687,13
2024-04-21 22:00:00+00:00,4.926,63.0,-1.5333617,1.789063,0.0,0.0,987.3021,20
2024-04-21 22:00:00+00:00,5.05,62.0,-1.6336168,2.0996628,0.0,0.0,985.63055,4
2024-04-21 22:00:00+00:00,4.8,63.0,-1.6528846,2.0341,0.0,0.0,984.8556,1
2024-04-21 22:00:00+00:00,5.05,62.0,-1.6336168,2.0996628,0.0,0.0,985.63055,16
2024-04-21 22:00:00+00:00,5.011,62.0,-1.6705438,2.055543,0.0,0.0,984.90454,3
2024-04-21 22:00:00+00:00,5.0045004,62.0,-1.6766979,2.0481915,0.0,0.0,984.7835,21
2024-04-21 22:00:00+00:00,5.05,62.0,-1.6336168,2.0996628,0.0,0.0,985.63055,6
2024-04-21 22:00:00+00:00,5.0545,61.0,-1.8503815,1.6975112,0.0,0.0,984.7661,22
2024-04-21 22:00:00+00:00,5.0045004,62.0,-1.6766979,2.0481915,0.0,0.0,984.7835,14
2024-04-21 22:00:00+00:00,4.809,63.0,-1.6443473,1.6566119,0.0,0.0,985.1208,19
2024-04-21 22:00:00+00:00,5.061,61.0,-1.8442384,1.7048521,0.0,0.0,984.8869,25
2024-04-21 22:00:00+00:00,4.7805004,63.0,-1.6713823,2.0120378,0.0,0.0,984.4923,17
2024-04-21 22:00:00+00:00,5.1150002,62.0,-1.5720724,2.1732225,0.0,0.0,986.8414,28
2024-04-21 22:00:00+00:00,4.7895,63.0,-1.662845,1.6345477,0.0,0.0,984.75775,8
2024-04-21 22:00:00+00:00,4.8155003,63.0,-1.6381812,1.6639676,0.0,0.0,985.2418,7
2024-04-21 22:00:00+00:00,5.0175004,62.0,-1.6643893,2.0628958,0.0,0.0,985.02545,2
2024-04-21 22:00:00+00:00,4.998,62.0,-1.6828531,2.0408392,0.0,0.0,984.66266,5
2024-04-21 22:00:00+00:00,4.848,63.0,-1.6073521,1.7007499,0.0,0.0,985.8475,12
2024-04-21 22:00:00+00:00,5.1280003,62.0,-1.5597636,2.1879387,0.0,0.0,987.0838,29
2024-04-21 22:00:00+00:00,5.061,61.0,-1.8442384,1.7048521,0.0,0.0,984.8869,15
2024-04-21 22:00:00+00:00,3.9750001,68.0,-1.3989607,1.160244,0.0,0.0,984.49054,26
2024-04-21 22:00:00+00:00,5.074,61.0,-1.831952,1.7195349,0.0,0.0,985.1289,23
2024-04-21 22:00:00+00:00,4.978,63.0,-1.4840363,1.8479657,0.0,0.0,988.2727,27
2024-04-21 22:00:00+00:00,4.8065,63.0,-1.646719,2.0414553,0.0,0.0,984.9767,18
2024-04-21 22:00:00+00:00,4.8155003,63.0,-1.6381812,1.6639676,0.0,0.0,985.2418,11
2024-04-21 23:00:00+00:00,4.1285,69.0,-1.052664,1.6578135,0.0,0.0,984.4614,24
2024-04-21 23:00:00+00:00,4.413,69.0,-0.7799725,1.7479992,0.0,0.0,986.08673,10
2024-04-21 23:00:00+00:00,4.3805003,69.0,-0.8111224,1.7109332,0.0,0.0,985.4801,9
2024-04-21 23:00:00+00:00,4.1045003,71.0,-0.6845042,1.7593632,0.0,0.0,986.17126,13
2024-04-21 23:00:00+00:00,4.176,71.0,-0.61574894,1.8410368,0.0,0.0,987.5085,20
2024-04-21 23:00:00+00:00,4.4,69.0,-0.7924327,1.7331715,0.0,0.0,985.8439,4
2024-04-21 23:00:00+00:00,3.65,71.0,-1.1215768,0.7199373,0.0,0.0,985.0061,1
2024-04-21 23:00:00+00:00,4.4,69.0,-0.7924327,1.7331715,0.0,0.0,985.8439,16
2024-04-21 23:00:00+00:00,4.361,69.0,-0.8298135,1.6886978,0.0,0.0,985.1163,3
2024-04-21 23:00:00+00:00,4.3545003,69.0,-0.836043,1.6812868,0.0,0.0,984.99475,21
2024-04-21 23:00:00+00:00,4.4,69.0,-0.7924327,1.7331715,0.0,0.0,985.8439,6
2024-04-21 23:00:00+00:00,4.1545,69.0,-1.0277424,1.6874094,0.0,0.0,984.9468,22
2024-04-21 23:00:00+00:00,4.3545003,69.0,-0.836043,1.6812868,0.0,0.0,984.99475,14
2024-04-21 23:00:00+00:00,4.059,71.0,-0.7282584,1.7074118,0.0,0.0,985.321,19
2024-04-21 23:00:00+00:00,4.161,69.0,-1.0215122,1.694809,0.0,0.0,985.0682,25
2024-04-21 23:00:00+00:00,3.6305,71.0,-1.1403298,0.69774723,0.0,0.0,984.6415,17
2024-04-21 23:00:00+00:00,4.465,69.0,-0.7301325,1.8073244,0.0,0.0,987.05786,28
2024-04-21 23:00:00+00:00,4.0395,71.0,-0.74701035,1.685153,0.0,0.0,984.95667,8
2024-04-21 23:00:00+00:00,4.0655003,71.0,-0.7220077,1.7148323,0.0,0.0,985.4425,7
2024-04-21 23:00:00+00:00,4.3675003,69.0,-0.82358277,1.6961093,0.0,0.0,985.2374,2
2024-04-21 23:00:00+00:00,4.348,69.0,-0.8422739,1.6738758,0.0,0.0,984.8737,5
2024-04-21 23:00:00+00:00,4.098,71.0,-0.69075555,1.7519398,0.0,0.0,986.0497,12
2024-04-21 23:00:00+00:00,4.478,69.0,-0.71767247,1.8221588,0.0,0.0,987.30096,29
2024-04-21 23:00:00+00:00,4.161,69.0,-1.0215122,1.694809,0.0,0.0,985.0682,15
2024-04-21 23:00:00+00:00,3.025,75.0,-0.9752515,0.1224103,0.0,0.0,984.6632,26
2024-04-21 23:00:00+00:00,4.174,69.0,-1.0090513,1.70961,0.0,0.0,985.31085,23
2024-04-21 23:00:00+00:00,4.228,71.0,-0.5657453,1.9004645,0.0,0.0,988.48206,27
2024-04-21 23:00:00+00:00,3.6565,71.0,-1.1153256,0.7273345,0.0,0.0,985.1275,18
2024-04-21 23:00:00+00:00,4.0655003,71.0,-0.7220077,1.7148323,0.0,0.0,985.4425,11
2024-04-22 01:00:00+00:00,2.8785,76.0,-0.9359228,0.16214323,0.0,0.0,984.20984,24
2024-04-22 01:00:00+00:00,2.213,83.0,-0.37577927,-0.39238143,0.0,0.0,985.9233,10
2024-04-22 01:00:00+00:00,2.1805,83.0,-0.4075969,-0.42966962,0.0,0.0,985.3121,9
2024-04-22 01:00:00+00:00,2.9045,79.0,-0.37970012,0.35443926,0.0,0.0,986.0301,13
2024-04-22 01:00:00+00:00,2.976,79.0,-0.3100973,0.4364457,0.0,0.0,987.3731,20
2024-04-22 01:00:00+00:00,2.2,83.0,-0.3885062,-0.40729833,0.0,0.0,985.6787,4
2024-04-22 01:00:00+00:00,2.15,82.0,-0.6038883,-0.3855338,0.0,0.0,984.8226,1
2024-04-22 01:00:00+00:00,2.2,83.0,-0.3885062,-0.40729833,0.0,0.0,985.6787,16
2024-04-22 01:00:00+00:00,2.161,83.0,-0.4266877,-0.45203805,0.0,0.0,984.9452,3
2024-04-22 01:00:00+00:00,2.1545,83.0,-0.433051,-0.4594934,0.0,0.0,984.82275,21
2024-04-22 01:00:00+00:00,2.2,83.0,-0.3885062,-0.40729833,0.0,0.0,985.6787,6
2024-04-22 01:00:00+00:00,2.9045,76.0,-0.9107232,0.1918068,0.0,0.0,984.6973,22
2024-04-22 01:00:00+00:00,2.1545,83.0,-0.433051,-0.4594934,0.0,0.0,984.82275,14
2024-04-22 01:00:00+00:00,2.859,79.0,-0.42399344,0.302279,0.0,0.0,985.1762,19
2024-04-22 01:00:00+00:00,2.911,76.0,-0.9044236,0.199224,0.0,0.0,984.81903,25
2024-04-22 01:00:00+00:00,2.1305,82.0,-0.6229528,-0.4078617,0.0,0.0,984.4558,17
2024-04-22 01:00:00+00:00,2.265,83.0,-0.32487124,-0.3327,0.0,0.0,986.90216,28
2024-04-22 01:00:00+00:00,2.8395,79.0,-0.4429759,0.27992964,0.0,0.0,984.8103,8
2024-04-22 01:00:00+00:00,2.8655,79.0,-0.41766566,0.3097291,0.0,0.0,985.2979,7
2024-04-22 01:00:00+00:00,2.1675,83.0,-0.420324,-0.44458222,0.0,0.0,985.0676,2
2024-04-22 01:00:00+00:00,2.148,83.0,-0.43941438,-0.46694827,0.0,0.0,984.70074,5
2024-04-22 01:00:00+00:00,2.898,79.0,-0.38602763,0.34698725,0.0,0.0,985.908,12
2024-04-22 01:00:00+00:00,2.278,83.0,-0.31214437,-0.3177755,0.0,0.0,987.147,29
2024-04-22 01:00:00+00:00,2.911,76.0,-0.9044236,0.199224,0.0,0.0,984.81903,15
2024-04-22 01:00:00+00:00,2.275,77.0,-1.3427289,-0.54615784,0.0,0.0,984.3772,26
2024-04-22 01:00:00+00:00,2.924,76.0,-0.89182365,0.21405888,0.0,0.0,985.06287,23
2024-04-22 01:00:00+00:00,3.028,79.0,-0.25947705,0.4961152,0.0,0.0,988.35065,27
2024-04-22 01:00:00+00:00,2.1565,82.0,-0.5975335,-0.3780899,0.0,0.0,984.9446,18
2024-04-22 01:00:00+00:00,2.8655,79.0,-0.41766566,0.3097291,0.0,0.0,985.2979,11
2024-04-22 02:00:00+00:00,2.3285,74.0,-1.8317755,-0.48586774,0.0,0.0,984.43097,24
2024-04-22 02:00:00+00:00,1.613,83.0,-0.9631947,-0.97529364,0.0,0.0,986.0451,10
2024-04-22 02:00:00+00:00,1.5805,83.0,-0.9950141,-1.012404,0.0,0.0,985.43225,9
2024-04-22 02:00:00+00:00,1.6044999,91.0,0.29383466,-0.89809537,0.0,0.0,986.1658,13
2024-04-22 02:00:00+00:00,1.676,91.0,0.36457053,-0.8154447,0.0,0.0,987.51556,20
2024-04-22 02:00:00+00:00,1.6,83.0,-0.9759225,-0.990139,0.0,0.0,985.79987,4
2024-04-22 02:00:00+00:00,1.65,80.0,-1.4297047,-1.0175221,0.0,0.0,984.9539,1
2024-04-22 02:00:00+00:00,1.6,83.0,-0.9759225,-0.990139,0.0,0.0,985.79987,16
2024-04-22 02:00:00+00:00,1.561,83.0,-1.0141056,-1.0346656,0.0,0.0,985.06476,3
2024-04-22 02:00:00+00:00,1.5545,83.0,-1.0204695,-1.0420852,0.0,0.0,984.9421,21
2024-04-22 02:00:00+00:00,1.6,83.0,-0.9759225,-0.990139,0.0,0.0,985.79987,6
2024-04-22 02:00:00+00:00,2.3545,74.0,-1.80665,-0.45642114,0.0,0.0,984.91943,22
2024-04-22 02:00:00+00:00,1.5545,83.0,-1.0204695,-1.0420852,0.0,0.0,984.9421,14
2024-04-22 02:00:00+00:00,1.559,91.0,0.24882092,-0.950665,0.0,0.0,985.3077,19
2024-04-22 02:00:00+00:00,2.361,74.0,-1.8003684,-0.44905877,0.0,0.0,985.0415,25
2024-04-22 02:00:00+00:00,1.6305,80.0,-1.448717,-1.0396955,0.0,0.0,984.5868,17
2024-04-22 02:00:00+00:00,1.665,83.0,-0.91228414,-0.9158976,0.0,0.0,987.02637,28
2024-04-22 02:00:00+00:00,1.5395,91.0,0.22952925,-0.97318864,0.0,0.0,984.9402,8
2024-04-22 02:00:00+00:00,1.5655,91.0,0.25525144,-0.9431565,0.0,0.0,985.4304,7
2024-04-22 02:00:00+00:00,1.5675,83.0,-1.0077417,-1.0272455,0.0,0.0,985.18713,2
2024-04-22 02:00:00+00:00,1.548,83.0,-1.0268334,-1.0495048,0.0,0.0,984.81976,5
2024-04-22 02:00:00+00:00,1.5979999,91.0,0.28740403,-0.9056065,0.0,0.0,986.04333,12
2024-04-22 02:00:00+00:00,1.678,83.0,-0.8995566,-0.90104437,0.0,0.0,987.27155,29
2024-04-22 02:00:00+00:00,2.361,74.0,-1.8003684,-0.44905877,0.0,0.0,985.0415,15
2024-04-22 02:00:00+00:00,2.025,74.0,-2.125077,-0.7120409,0.0,0.0,984.5393,26
2024-04-22 02:00:00+00:00,2.374,74.0,-1.7878054,-0.4343326,0.0,0.0,985.2859,23
2024-04-22 02:00:00+00:00,1.7279999,91.0,0.41601464,-0.7553034,0.0,0.0,988.4979,27
2024-04-22 02:00:00+00:00,1.6565,80.0,-1.4233673,-1.0101302,0.0,0.0,985.0762,18
2024-04-22 02:00:00+00:00,1.5655,91.0,0.25525144,-0.9431565,0.0,0.0,985.4304,11
2024-04-22 02:00:00+00:00,2.3285,74.0,-1.8317755,-0.48586774,0.0,0.0,984.43097,24
2024-04-22 02:00:00+00:00,1.613,83.0,-0.9631947,-0.97529364,0.0,0.0,986.0451,10
2024-04-22 02:00:00+00:00,1.5805,83.0,-0.9950141,-1.012404,0.0,0.0,985.43225,9
2024-04-22 02:00:00+00:00,1.6044999,91.0,0.29383466,-0.89809537,0.0,0.0,986.1658,13
2024-04-22 02:00:00+00:00,1.676,91.0,0.36457053,-0.8154447,0.0,0.0,987.51556,20
2024-04-22 02:00:00+00:00,1.6,83.0,-0.9759225,-0.990139,0.0,0.0,985.79987,4
2024-04-22 02:00:00+00:00,1.65,80.0,-1.4297047,-1.0175221,0.0,0.0,984.9539,1
2024-04-22 02:00:00+00:00,1.6,83.0,-0.9759225,-0.990139,0.0,0.0,985.79987,16
2024-04-22 02:00:00+00:00,1.561,83.0,-1.0141056,-1.0346656,0.0,0.0,985.06476,3
2024-04-22 02:00:00+00:00,1.5545,83.0,-1.0204695,-1.0420852,0.0,0.0,984.9421,21
2024-04-22 02:00:00+00:00,1.6,83.0,-0.9759225,-0.990139,0.0,0.0,985.79987,6
2024-04-22 02:00:00+00:00,2.3545,74.0,-1.80665,-0.45642114,0.0,0.0,984.91943,22
2024-04-22 02:00:00+00:00,1.5545,83.0,-1.0204695,-1.0420852,0.0,0.0,984.9421,14
2024-04-22 02:00:00+00:00,1.559,91.0,0.24882092,-0.950665,0.0,0.0,985.3077,19
2024-04-22 02:00:00+00:00,2.361,74.0,-1.8003684,-0.44905877,0.0,0.0,985.0415,25
2024-04-22 02:00:00+00:00,1.6305,80.0,-1.448717,-1.0396955,0.0,0.0,984.5868,17
2024-04-22 02:00:00+00:00,1.665,83.0,-0.91228414,-0.9158976,0.0,0.0,987.02637,28
2024-04-22 02:00:00+00:00,1.5395,91.0,0.22952925,-0.97318864,0.0,0.0,984.9402,8
2024-04-22 02:00:00+00:00,1.5655,91.0,0.25525144,-0.9431565,0.0,0.0,985.4304,7
2024-04-22 02:00:00+00:00,1.5675,83.0,-1.0077417,-1.0272455,0.0,0.0,985.18713,2
2024-04-22 02:00:00+00:00,1.548,83.0,-1.0268334,-1.0495048,0.0,0.0,984.81976,5
2024-04-22 02:00:00+00:00,1.5979999,91.0,0.28740403,-0.9056065,0.0,0.0,986.04333,12
2024-04-22 02:00:00+00:00,1.678,83.0,-0.8995566,-0.90104437,0.0,0.0,987.27155,29
2024-04-22 02:00:00+00:00,2.361,74.0,-1.8003684,-0.44905877,0.0,0.0,985.0415,15
2024-04-22 02:00:00+00:00,2.025,74.0,-2.125077,-0.7120409,0.0,0.0,984.5393,26
2024-04-22 02:00:00+00:00,2.374,74.0,-1.7878054,-0.4343326,0.0,0.0,985.2859,23
2024-04-22 02:00:00+00:00,1.7279999,91.0,0.41601464,-0.7553034,0.0,0.0,988.4979,27
2024-04-22 02:00:00+00:00,1.6565,80.0,-1.4233673,-1.0101302,0.0,0.0,985.0762,18
2024-04-22 02:00:00+00:00,1.5655,91.0,0.25525144,-0.9431565,0.0,0.0,985.4304,11
2024-04-22 03:00:00+00:00,2.2784998,74.0,-1.8800951,-0.23660517,0.0,0.0,984.3282,24
2024-04-22 03:00:00+00:00,1.863,82.0,-0.88448143,-0.62925315,0.0,0.0,986.075,10
2024-04-22 03:00:00+00:00,1.8305,82.0,-0.91625655,-0.66638017,0.0,0.0,985.46277,9
2024-04-22 03:00:00+00:00,1.4045,92.0,0.24688998,-0.75648355,0.0,0.0,986.1419,13
2024-04-22 03:00:00+00:00,1.4760001,92.0,0.31771436,-0.6738517,0.0,0.0,987.49255,20
2024-04-22 03:00:00+00:00,1.85,82.0,-0.89719135,-0.6441052,0.0,0.0,985.8301,4
2024-04-22 03:00:00+00:00,1.7,80.0,-1.3809553,-0.86339974,0.0,0.0,984.86346,1
2024-04-22 03:00:00+00:00,1.85,82.0,-0.89719135,-0.6441052,0.0,0.0,985.8301,16
2024-04-22 03:00:00+00:00,1.811,82.0,-0.93532133,-0.68865204,0.0,0.0,985.09546,3
2024-04-22 03:00:00+00:00,1.8045,82.0,-0.9416766,-0.69607544,0.0,0.0,984.9731,21
2024-04-22 03:00:00+00:00,1.85,82.0,-0.89719135,-0.6441052,0.0,0.0,985.8301,6
2024-04-22 03:00:00+00:00,2.3044999,74.0,-1.8549689,-0.20716953,0.0,0.0,984.8166,22
2024-04-22 03:00:00+00:00,1.8045,82.0,-0.9416766,-0.69607544,0.0,0.0,984.9731,14
2024-04-22 03:00:00+00:00,1.3590001,92.0,0.20182,-0.8090403,0.0,0.0,985.2834,19
2024-04-22 03:00:00+00:00,2.3109999,74.0,-1.8486875,-0.19980955,0.0,0.0,984.93866,25
2024-04-22 03:00:00+00:00,1.6805,80.0,-1.3999677,-0.88558173,0.0,0.0,984.49646,17
2024-04-22 03:00:00+00:00,1.915,82.0,-0.83364195,-0.5698297,0.0,0.0,987.0553,28
2024-04-22 03:00:00+00:00,1.3395001,92.0,0.1825042,-0.83155894,0.0,0.0,984.9157,8
2024-04-22 03:00:00+00:00,1.3655001,92.0,0.20825855,-0.80153346,0.0,0.0,985.4059,7
2024-04-22 03:00:00+00:00,1.8175,82.0,-0.9289666,-0.68122864,0.0,0.0,985.2179,2
2024-04-22 03:00:00+00:00,1.798,82.0,-0.9480314,-0.7034981,0.0,0.0,984.8508,5
2024-04-22 03:00:00+00:00,1.398,92.0,0.24045144,-0.7639928,0.0,0.0,986.01935,12
2024-04-22 03:00:00+00:00,1.928,82.0,-0.82093185,-0.5549698,0.0,0.0,987.3005,29
2024-04-22 03:00:00+00:00,2.3109999,74.0,-1.8486875,-0.19980955,0.0,0.0,984.93866,15
2024-04-22 03:00:00+00:00,1.6750001,75.0,-2.2818315,-1.0739071,0.0,0.0,984.399,26
2024-04-22 03:00:00+00:00,2.324,74.0,-1.8361242,-0.18508911,0.0,0.0,985.18317,23
2024-04-22 03:00:00+00:00,1.528,92.0,0.36922276,-0.61372447,0.0,0.0,988.4755,27
2024-04-22 03:00:00+00:00,1.7065,80.0,-1.374618,-0.85600495,0.0,0.0,984.98584,18
2024-04-22 03:00:00+00:00,1.3655001,92.0,0.20825855,-0.80153346,0.0,0.0,985.4059,11
2024-04-22 04:00:00+00:00,1.5785,77.0,-2.018866,-0.890697,0.0,0.0,984.14386,24
2024-04-22 04:00:00+00:00,1.813,82.0,-0.9333661,-0.5565808,0.0,0.0,985.87573,10
2024-04-22 04:00:00+00:00,1.7804999,82.0,-0.9651412,-0.5936935,0.0,0.0,985.26324,9
2024-04-22 04:00:00+00:00,1.1044999,94.0,0.24652188,-1.0566175,0.0,0.0,985.91266,13
2024-04-22 04:00:00+00:00,1.176,94.0,0.3175202,-0.97395873,0.0,0.0,987.26434,20
2024-04-22 04:00:00+00:00,1.8,82.0,-0.94607604,-0.57142687,0.0,0.0,985.63055,4
2024-04-22 04:00:00+00:00,1.55,81.0,-1.3579311,-0.9238901,0.0,0.0,984.6516,1
2024-04-22 04:00:00+00:00,1.8,82.0,-0.94607604,-0.57142687,0.0,0.0,985.63055,16
2024-04-22 04:00:00+00:00,1.7609999,82.0,-0.9842062,-0.61595654,0.0,0.0,984.89606,3
2024-04-22 04:00:00+00:00,1.7544999,82.0,-0.9905613,-0.62337685,0.0,0.0,984.7738,21
2024-04-22 04:00:00+00:00,1.8,82.0,-0.94607604,-0.57142687,0.0,0.0,985.63055,6
2024-04-22 04:00:00+00:00,1.6044999,77.0,-1.993625,-0.8612766,0.0,0.0,984.6334,22
2024-04-22 04:00:00+00:00,1.7544999,82.0,-0.9905613,-0.62337685,0.0,0.0,984.7738,14
2024-04-22 04:00:00+00:00,1.059,94.0,0.2013411,-1.1091919,0.0,0.0,985.0533,19
2024-04-22 04:00:00+00:00,1.611,77.0,-1.9873149,-0.8539207,0.0,0.0,984.7561,25
2024-04-22 04:00:00+00:00,1.5304999,81.0,-1.3769703,-0.94607973,0.0,0.0,984.28436,17
2024-04-22 04:00:00+00:00,1.865,82.0,-0.8825262,-0.4971807,0.0,0.0,986.8558,28
2024-04-22 04:00:00+00:00,1.0395,94.0,0.18197794,-1.1317177,0.0,0.0,984.68524,8
2024-04-22 04:00:00+00:00,1.0655,94.0,0.20779559,-1.1016824,0.0,0.0,985.17596,7
2024-04-22 04:00:00+00:00,1.7674999,82.0,-0.97785133,-0.60853577,0.0,0.0,985.0185,2
2024-04-22 04:00:00+00:00,1.7479999,82.0,-0.9969165,-0.6307969,0.0,0.0,984.6514,5
2024-04-22 04:00:00+00:00,1.0979999,94.0,0.2400675,-1.0641291,0.0,0.0,985.7899,12
2024-04-22 04:00:00+00:00,1.8779999,82.0,-0.86981636,-0.48232698,0.0,0.0,987.10095,29
2024-04-22 04:00:00+00:00,1.611,77.0,-1.9873149,-0.8539207,0.0,0.0,984.7561,15
2024-04-22 04:00:00+00:00,1.6750001,73.0,-2.6470222,-1.1610348,0.0,0.0,984.2059,26
2024-04-22 04:00:00+00:00,1.624,77.0,-1.9746944,-0.83920765,0.0,0.0,985.0008,23
2024-04-22 04:00:00+00:00,1.2279999,94.0,0.3691552,-0.9138112,0.0,0.0,988.2483,27
2024-04-22 04:00:00+00:00,1.5565,81.0,-1.3515848,-0.9164927,0.0,0.0,984.77435,18
2024-04-22 04:00:00+00:00,1.0655,94.0,0.20779559,-1.1016824,0.0,0.0,985.17596,11
2024-04-22 05:00:00+00:00,2.0284998,73.0,-2.3059075,-0.66133714,0.0,0.0,984.4899,24
2024-04-22 05:00:00+00:00,1.913,83.0,-0.6694833,-0.36544204,0.0,0.0,986.27435,10
2024-04-22 05:00:00+00:00,1.8805,83.0,-0.70130175,-0.40264058,0.0,0.0,985.662,9
2024-04-22 05:00:00+00:00,1.2045,95.0,0.49224567,-0.9485724,0.0,0.0,986.3117,13
2024-04-22 05:00:00+00:00,1.276,95.0,0.5633293,-0.8657229,0.0,0.0,987.6632,20
2024-04-22 05:00:00+00:00,1.9,83.0,-0.6822107,-0.3803227,0.0,0.0,986.0294,4
2024-04-22 05:00:00+00:00,1.75,77.0,-1.8523747,-0.7925234,0.0,0.0,985.0629,1
2024-04-22 05:00:00+00:00,1.9,83.0,-0.6822107,-0.3803227,0.0,0.0,986.0294,16
2024-04-22 05:00:00+00:00,1.861,83.0,-0.7203927,-0.42495513,0.0,0.0,985.2946,3
2024-04-22 05:00:00+00:00,1.8544999,83.0,-0.72675663,-0.43239284,0.0,0.0,985.1722,21
2024-04-22 05:00:00+00:00,1.9,83.0,-0.6822107,-0.3803227,0.0,0.0,986.0294,6
2024-04-22 05:00:00+00:00,2.0544999,73.0,-2.2808192,-0.6320007,0.0,0.0,984.97906,22
2024-04-22 05:00:00+00:00,1.8544999,83.0,-0.72675663,-0.43239284,0.0,0.0,985.1722,14
2024-04-22 05:00:00+00:00,1.159,95.0,0.44701082,-1.0012679,0.0,0.0,985.45215,19
2024-04-22 05:00:00+00:00,2.0609999,73.0,-2.274547,-0.62466574,0.0,0.0,985.10114,25
2024-04-22 05:00:00+00:00,1.7305,77.0,-1.871305,-0.81461334,0.0,0.0,984.69586,17
2024-04-22 05:00:00+00:00,1.9649999,83.0,-0.61857414,-0.30590463,0.0,0.0,987.2548,28
2024-04-22 05:00:00+00:00,1.1395,95.0,0.42762432,-1.0238452,0.0,0.0,985.08405,8
2024-04-22 05:00:00+00:00,1.1655,95.0,0.453473,-0.99374104,0.0,0.0,985.5749,7
2024-04-22 05:00:00+00:00,1.8675,83.0,-0.71402884,-0.41751742,0.0,0.0,985.4171,2
2024-04-22 05:00:00+00:00,1.8479999,83.0,-0.73312026,-0.4398296,0.0,0.0,985.0501,5
2024-04-22 05:00:00+00:00,1.198,95.0,0.4857836,-0.95610166,0.0,0.0,986.1889,12
2024-04-22 05:00:00+00:00,1.9779999,83.0,-0.60584694,-0.29101586,0.0,0.0,987.50006,29
2024-04-22 05:00:00+00:00,2.0609999,73.0,-2.274547,-0.62466574,0.0,0.0,985.10114,15
2024-04-22 05:00:00+00:00,1.4250001,76.0,-2.3448117,-1.5603247,0.0,0.0,984.65765,26
2024-04-22 05:00:00+00:00,2.074,73.0,-2.262003,-0.6099949,0.0,0.0,985.3459,23
2024-04-22 05:00:00+00:00,1.328,95.0,0.61502624,-0.8054366,0.0,0.0,988.6472,27
2024-04-22 05:00:00+00:00,1.7565,77.0,-1.8460644,-0.7851596,0.0,0.0,985.1853,18
2024-04-22 05:00:00+00:00,1.1655,95.0,0.453473,-0.99374104,0.0,0.0,985.5749,11
2024-04-22 06:00:00+00:00,2.6785,72.0,-1.8661648,0.17776442,0.0,0.0,984.7644,24
2024-04-22 06:00:00+00:00,2.263,78.0,-1.1782955,-0.15413713,0.0,0.0,986.50946,10
2024-04-22 06:00:00+00:00,2.2305,78.0,-1.2098904,-0.19115162,0.0,0.0,985.8979,9
2024-04-22 06:00:00+00:00,2.2545,85.0,-0.0072758147,0.011097908,0.0,0.0,986.6301,13
2024-04-22 06:00:00+00:00,2.326,85.0,0.06291153,0.09344959,0.0,0.0,987.97705,20
2024-04-22 06:00:00+00:00,2.25,78.0,-1.1909337,-0.16894388,0.0,0.0,986.2647,4
2024-04-22 06:00:00+00:00,2.0,80.0,-1.0884657,-0.44443202,0.0,0.0,985.3835,1
2024-04-22 06:00:00+00:00,2.25,78.0,-1.1909337,-0.16894388,0.0,0.0,986.2647,16
2024-04-22 06:00:00+00:00,2.211,78.0,-1.2288471,-0.21335554,0.0,0.0,985.5311,3
2024-04-22 06:00:00+00:00,2.2045,78.0,-1.235166,-0.22075605,0.0,0.0,985.4086,21
2024-04-22 06:00:00+00:00,2.25,78.0,-1.1909337,-0.16894388,0.0,0.0,986.2647,6
2024-04-22 06:00:00+00:00,2.7045,72.0,-1.8411176,0.20719242,0.0,0.0,985.2524,22
2024-04-22 06:00:00+00:00,2.2045,78.0,-1.235166,-0.22075605,0.0,0.0,985.4086,14
2024-04-22 06:00:00+00:00,2.2089999,85.0,-0.051940713,-0.041282177,0.0,0.0,985.77386,19
2024-04-22 06:00:00+00:00,2.711,72.0,-1.8348558,0.2145505,0.0,0.0,985.37445,25
2024-04-22 06:00:00+00:00,1.9805,80.0,-1.1074774,-0.4666655,0.0,0.0,985.0166,17
2024-04-22 06:00:00+00:00,2.315,78.0,-1.1277446,-0.09489536,0.0,0.0,987.4889,28
2024-04-22 06:00:00+00:00,2.1894999,85.0,-0.07108295,-0.063724995,0.0,0.0,985.40686,8
2024-04-22 06:00:00+00:00,2.2154999,85.0,-0.045560054,-0.033800125,0.0,0.0,985.896,7
2024-04-22 06:00:00+00:00,2.2175,78.0,-1.2225282,-0.20595455,0.0,0.0,985.65326,2
2024-04-22 06:00:00+00:00,2.198,78.0,-1.241485,-0.22815609,0.0,0.0,985.28656,5
2024-04-22 06:00:00+00:00,2.248,85.0,-0.0136566395,0.0036139488,0.0,0.0,986.5079,12
2024-04-22 06:00:00+00:00,2.328,78.0,-1.1151069,-0.08008146,0.0,0.0,987.7339,29
2024-04-22 06:00:00+00:00,2.711,72.0,-1.8348558,0.2145505,0.0,0.0,985.37445,15
2024-04-22 06:00:00+00:00,3.675,73.0,-0.71732277,1.2258873,0.0,0.0,985.03314,26
2024-04-22 06:00:00+00:00,2.724,72.0,-1.8223324,0.22926712,0.0,0.0,985.6184,23
2024-04-22 06:00:00+00:00,2.378,85.0,0.113956496,0.15337276,0.0,0.0,988.9577,27
2024-04-22 06:00:00+00:00,2.0065,80.0,-1.0821286,-0.43702006,0.0,0.0,985.5059,18
2024-04-22 06:00:00+00:00,2.2154999,85.0,-0.045560054,-0.033800125,0.0,0.0,985.896,11
2024-04-22 07:00:00+00:00,4.8785,67.0,-0.73763883,2.210122,0.0,0.0,985.23,24
2024-04-22 07:00:00+00:00,5.013,66.0,-0.815316,2.4468331,0.0,0.0,986.9309,10
2024-04-22 07:00:00+00:00,4.9805,66.0,-0.84630674,2.409801,0.0,0.0,986.325,9
2024-04-22 07:00:00+00:00,4.7045,73.0,0.27577317,2.3036094,0.0,0.0,987.11237,13
2024-04-22 07:00:00+00:00,4.776,73.0,0.34473938,2.3859649,0.0,0.0,988.448,20
2024-04-22 07:00:00+00:00,5.0,66.0,-0.82771266,2.4320188,0.0,0.0,986.6886,4
2024-04-22 07:00:00+00:00,4.9,69.0,-0.31321728,2.3756175,0.0,0.0,985.83405,1
2024-04-22 07:00:00+00:00,5.0,66.0,-0.82771266,2.4320188,0.0,0.0,986.6886,16
2024-04-22 07:00:00+00:00,4.961,66.0,-0.8649017,2.3875856,0.0,0.0,985.9615,3
2024-04-22 07:00:00+00:00,4.9545,66.0,-0.87109935,2.3801818,0.0,0.0,985.84064,21
2024-04-22 07:00:00+00:00,5.0,66.0,-0.82771266,2.4320188,0.0,0.0,986.6886,6
2024-04-22 07:00:00+00:00,4.9045,67.0,-0.71280336,2.239779,0.0,0.0,985.7141,22
2024-04-22 07:00:00+00:00,4.9545,66.0,-0.87109935,2.3801818,0.0,0.0,985.84064,14
2024-04-22 07:00:00+00:00,4.659,73.0,0.23188533,2.251226,0.0,0.0,986.2628,19
2024-04-22 07:00:00+00:00,4.911,67.0,-0.7065949,2.2471943,0.0,0.0,985.83527,25
2024-04-22 07:00:00+00:00,4.8805003,69.0,-0.3319057,2.3532934,0.0,0.0,985.4707,17
2024-04-22 07:00:00+00:00,5.065,66.0,-0.76573163,2.5061035,0.0,0.0,987.90106,28
2024-04-22 07:00:00+00:00,4.6395,73.0,0.21307585,2.2287822,0.0,0.0,985.89905,8
2024-04-22 07:00:00+00:00,4.6655,73.0,0.23815511,2.2587085,0.0,0.0,986.3841,7
2024-04-22 07:00:00+00:00,4.9675,66.0,-0.858703,2.3949904,0.0,0.0,986.0828,2
2024-04-22 07:00:00+00:00,4.948,66.0,-0.8772981,2.3727775,0.0,0.0,985.71936,5
2024-04-22 07:00:00+00:00,4.698,73.0,0.2695031,2.296125,0.0,0.0,986.991,12
2024-04-22 07:00:00+00:00,5.078,66.0,-0.7533352,2.5209246,0.0,0.0,988.14374,29
2024-04-22 07:00:00+00:00,4.911,67.0,-0.7065949,2.2471943,0.0,0.0,985.83527,15
2024-04-22 07:00:00+00:00,5.875,65.0,-0.20377615,3.2678943,0.0,0.0,985.495,26
2024-04-22 07:00:00+00:00,4.924,67.0,-0.6941769,2.2620254,0.0,0.0,986.07745,23
2024-04-22 07:00:00+00:00,4.828,73.0,0.39489597,2.44589,0.0,0.0,989.4204,27
2024-04-22 07:00:00+00:00,4.9065,69.0,-0.3069883,2.3830595,0.0,0.0,985.955,18
2024-04-22 07:00:00+00:00,4.6655,73.0,0.23815511,2.2587085,0.0,0.0,986.3841,11
2024-04-22 08:00:00+00:00,7.2785,58.0,-0.44384176,4.472411,0.0,0.0,985.039,24
2024-04-22 08:00:00+00:00,7.463,56.0,-0.7524106,4.461239,0.0,0.0,986.63434,10
2024-04-22 08:00:00+00:00,7.4305,56.0,-0.7828135,4.4242754,0.0,0.0,986.03394,9
2024-04-22 08:00:00+00:00,7.3045,61.0,0.27558246,4.588871,0.0,0.0,986.83215,13
2024-04-22 08:00:00+00:00,7.376,61.0,0.3431226,4.6709976,0.0,0.0,988.1553,20
2024-04-22 08:00:00+00:00,7.45,56.0,-0.76457185,4.446452,0.0,0.0,986.394,4
2024-04-22 08:00:00+00:00,7.55,59.0,0.046742443,4.5406036,0.0,0.0,985.57086,1
2024-04-22 08:00:00+00:00,7.45,56.0,-0.76457185,4.446452,0.0,0.0,986.394,16
2024-04-22 08:00:00+00:00,7.411,56.0,-0.8010565,4.4021015,0.0,0.0,985.6737,3
2024-04-22 08:00:00+00:00,7.4045,56.0,-0.8071361,4.3947115,0.0,0.0,985.5537,21
2024-04-22 08:00:00+00:00,7.45,56.0,-0.76457185,4.446452,0.0,0.0,986.394,6
2024-04-22 08:00:00+00:00,7.3045,58.0,-0.41942158,4.502075,0.0,0.0,985.5193,22
2024-04-22 08:00:00+00:00,7.4045,56.0,-0.8071361,4.3947115,0.0,0.0,985.5537,14
2024-04-22 08:00:00+00:00,7.259,61.0,0.23260093,4.5366316,0.0,0.0,985.991,19
2024-04-22 08:00:00+00:00,7.311,58.0,-0.4133168,4.509492,0.0,0.0,985.6392,25
2024-04-22 08:00:00+00:00,7.5305004,59.0,0.028392376,4.5182667,0.0,0.0,985.21106,17
2024-04-22 08:00:00+00:00,7.515,56.0,-0.70376545,4.520397,0.0,0.0,987.5955,28
2024-04-22 08:00:00+00:00,7.2395,61.0,0.2141808,4.514249,0.0,0.0,985.63086,8
2024-04-22 08:00:00+00:00,7.2655,61.0,0.23874187,4.544093,0.0,0.0,986.1114,7
2024-04-22 08:00:00+00:00,7.4175,56.0,-0.794975,4.4094925,0.0,0.0,985.79364,2
2024-04-22 08:00:00+00:00,7.398,56.0,-0.8132178,4.3873205,0.0,0.0,985.43384,5
2024-04-22 08:00:00+00:00,7.298,61.0,0.26944214,4.5814066,0.0,0.0,986.71216,12
2024-04-22 08:00:00+00:00,7.528,56.0,-0.6916046,4.5351906,0.0,0.0,987.83606,29
2024-04-22 08:00:00+00:00,7.311,58.0,-0.4133168,4.509492,0.0,0.0,985.6392,15
2024-04-22 08:00:00+00:00,7.625,56.0,-0.60086524,4.6295586,0.0,0.0,985.22253,26
2024-04-22 08:00:00+00:00,7.324,58.0,-0.40110707,4.5243263,0.0,0.0,985.8794,23
2024-04-22 08:00:00+00:00,7.428,61.0,0.39224327,4.730756,0.0,0.0,989.1183,27
2024-04-22 08:00:00+00:00,7.5565,59.0,0.052859202,4.54805,0.0,0.0,985.69086,18
2024-04-22 08:00:00+00:00,7.2655,61.0,0.23874187,4.544093,0.0,0.0,986.1114,11
2024-04-22 09:00:00+00:00,8.528501,47.0,-2.1527743,5.1445084,0.0,0.0,985.28595,24
2024-04-22 09:00:00+00:00,8.662999,47.0,-2.0294564,5.039776,0.0,0.0,986.9651,10
2024-04-22 09:00:00+00:00,8.6305,47.0,-2.0592537,5.003252,0.0,0.0,986.367,9
2024-04-22 09:00:00+00:00,8.2045,55.0,-0.30690834,4.5551653,0.0,0.0,987.22565,13
2024-04-22 09:00:00+00:00,8.276,55.0,-0.2401711,4.636778,0.0,0.0,988.54486,20
2024-04-22 09:00:00+00:00,8.65,47.0,-2.0413759,5.0251656,0.0,0.0,986.7259,4
2024-04-22 09:00:00+00:00,8.55,49.0,-1.5671319,5.1793346,0.0,0.0,985.7856,1
2024-04-22 09:00:00+00:00,8.65,47.0,-2.0413759,5.0251656,0.0,0.0,986.7259,16
2024-04-22 09:00:00+00:00,8.611,47.0,-2.077133,4.9813414,0.0,0.0,986.0082,3
2024-04-22 09:00:00+00:00,8.6045,47.0,-2.083093,4.974038,0.0,0.0,985.88885,21
2024-04-22 09:00:00+00:00,8.65,47.0,-2.0413759,5.0251656,0.0,0.0,986.7259,6
2024-04-22 09:00:00+00:00,8.554501,47.0,-2.128935,5.173708,0.0,0.0,985.7642,22
2024-04-22 09:00:00+00:00,8.6045,47.0,-2.083093,4.974038,0.0,0.0,985.88885,14
2024-04-22 09:00:00+00:00,8.159,55.0,-0.34937704,4.503252,0.0,0.0,986.3866,19
2024-04-22 09:00:00+00:00,8.561001,47.0,-2.1229758,5.1810093,0.0,0.0,985.88354,25
2024-04-22 09:00:00+00:00,8.5305,49.0,-1.5850949,5.1573334,0.0,0.0,985.427,17
2024-04-22 09:00:00+00:00,8.714999,47.0,-1.9817815,5.0982313,0.0,0.0,987.92285,28
2024-04-22 09:00:00+00:00,8.1395,55.0,-0.36757967,4.4810076,0.0,0.0,986.02747,8
2024-04-22 09:00:00+00:00,8.1655,55.0,-0.3433113,4.510666,0.0,0.0,986.50635,7
2024-04-22 09:00:00+00:00,8.617499,47.0,-2.0711737,4.9886436,0.0,0.0,986.12787,2
2024-04-22 09:00:00+00:00,8.598,47.0,-2.0890517,4.966735,0.0,0.0,985.7692,5
2024-04-22 09:00:00+00:00,8.198,55.0,-0.31297585,4.5477476,0.0,0.0,987.1055,12
2024-04-22 09:00:00+00:00,8.728,47.0,-1.9698627,5.112849,0.0,0.0,988.1623,29
2024-04-22 09:00:00+00:00,8.561001,47.0,-2.1229758,5.1810093,0.0,0.0,985.88354,15
2024-04-22 09:00:00+00:00,8.375,49.0,-1.7283449,5.319991,0.0,0.0,985.5053,26
2024-04-22 09:00:00+00:00,8.574,47.0,-2.1110563,5.195611,0.0,0.0,986.12286,23
2024-04-22 09:00:00+00:00,8.328,55.0,-0.19163604,4.6961603,0.0,0.0,989.505,27
2024-04-22 09:00:00+00:00,8.5565,49.0,-1.561144,5.1866693,0.0,0.0,985.9052,18
2024-04-22 09:00:00+00:00,8.1655,55.0,-0.3433113,4.510666,0.0,0.0,986.50635,11
